"Contact ID","Tree Name","Contact Subtype","Tree Type",Species,"Created Date","Birth Date","End of care date","Primary Funder","Primary Funder Contact ID","Secondary Funder","Secondary Funder Contact ID","Grant Campaign","Campaign ID","Tree Nursery","Contact ID",Parcel,"Parcel Contact ID","Tree Data (Contact): DBH","Contact Addresses: Latitude","Contact Addresses: Longitude"
107281,"Marsching 1 Hyde Park",Tree,"Yard tree planted","Shadblow Serviceberry (Amelanchier Canadensis)","2026-05-27 13:47:47",2025-11-14,,,,,,,,,,1810757000,13541,1.5,42.24762000,-71.11250000
107280,"Santamaria 3 Jamaica Plain",Tree,"Yard tree planted","Robin Hill Serviceberry (Amelanchier × grandiflora 'Robin Hill')","2026-05-27 13:24:29",2026-04-23,,"Executive Office of Energy and Environmental Affairs",154,,,"Cooling Corridors 2026",64,"Schichtel's Nursery",12059,,,1.5,42.40721070,-71.38243740
107279,"Santamaria 2 Jamaica Plain",Tree,"Yard tree planted","Eastern Redbud (Cercis canadensis)","2026-05-27 13:24:05",2026-04-23,,"Executive Office of Energy and Environmental Affairs",154,,,"Cooling Corridors 2026",64,"Schichtel's Nursery",12059,,,1.5,42.31884354,-71.10605696
107278,"Santamaria 1 Jamaica Plain",Tree,"Yard tree planted","Galaxy Magnolia (Magnolia 'Galaxy')","2026-05-27 13:23:02",2026-04-23,,"Executive Office of Energy and Environmental Affairs",154,,,"Cooling Corridors 2026",64,"Schichtel's Nursery",12059,,,1.25,42.31876075,-71.10601933
107277,"Canfield 2 Jamaica Plain",Tree,"Yard tree planted","Cockspur Hawthorn (Crataegus crus-galli)","2026-05-27 12:56:15",2026-05-06,,"Executive Office of Energy and Environmental Affairs",154,,,"Cooling Corridors 2026",64,"Schichtel's Nursery",12059,,,1.5,42.31272290,-71.09900600
107276,"Canfield 1 Jamaica Plain",Tree,"Yard tree planted","Cornelian cherry (cornus mas)","2026-05-27 12:52:46",2026-05-06,,"Executive Office of Energy and Environmental Affairs",154,,,"Cooling Corridors 2026",64,"Schichtel's Nursery",12059,,,1.5,42.31276550,-71.09899300
107223,"Howes 10 Roxbury",Tree,"Park tree planted","Cumulus Allegheny Serviceberry (Amelanchier Laevis 'Cumulus')","2026-05-13 14:33:18",2026-05-08,,"The Kensington Investment Company",10737,,,"2026 Sponsorships and Corporate",55,"Cavvichio Greenhouses Inc.",9595,0802922000,19297,1,42.32456463,-71.07873069
107219,"Howes 6 Roxbury",Tree,"Park tree planted","Princeton Sentry Elm (Ulmus americana 'Princeton')","2026-05-13 14:33:17",2026-05-08,,"The Kensington Investment Company",10737,,,"2026 Sponsorships and Corporate",55,"Cavvichio Greenhouses Inc.",9595,0802922000,19297,2,42.32470808,-71.07856940
107220,"Howes 7 Roxbury",Tree,"Park tree planted","Princeton Sentry Elm (Ulmus americana 'Princeton')","2026-05-13 14:33:17",2026-05-08,,"The Kensington Investment Company",10737,,,"2026 Sponsorships and Corporate",55,"Cavvichio Greenhouses Inc.",9595,0802922000,19297,2,42.32472627,-71.07863207
107221,"Howes 8 Roxbury",Tree,"Park tree planted","Cumulus Allegheny Serviceberry (Amelanchier Laevis 'Cumulus')","2026-05-13 14:33:17",2026-05-08,,"The Kensington Investment Company",10737,,,"2026 Sponsorships and Corporate",55,"Cavvichio Greenhouses Inc.",9595,0802922000,19297,1,42.32455458,-71.07868057
107222,"Howes 9 Roxbury",Tree,"Park tree planted","Tulip Poplar (Liriodendron tulipifera)","2026-05-13 14:33:17",2026-05-08,,"The Kensington Investment Company",10737,,,"2026 Sponsorships and Corporate",55,"Cavvichio Greenhouses Inc.",9595,0802922000,19297,2,42.32466925,-71.07883351
107215,"Howes 2 Roxbury",Tree,"Park tree planted","Common hackberry (Celtis occidentalis)","2026-05-13 14:33:16",2026-05-08,,"The Kensington Investment Company",10737,,,"2026 Sponsorships and Corporate",55,"Cavvichio Greenhouses Inc.",9595,0802922000,19297,1.5,42.32442435,-71.07875543
107216,"Howes 3 Roxbury",Tree,"Park tree planted","Common hackberry (Celtis occidentalis)","2026-05-13 14:33:16",2026-05-08,,"The Kensington Investment Company",10737,,,"2026 Sponsorships and Corporate",55,"Cavvichio Greenhouses Inc.",9595,0802922000,19297,1.5,42.32452762,-71.07876351
107217,"Howes 4 Roxbury",Tree,"Park tree planted","Princeton Sentry Elm (Ulmus americana 'Princeton')","2026-05-13 14:33:16",2026-05-08,,"The Kensington Investment Company",10737,,,"2026 Sponsorships and Corporate",55,"Cavvichio Greenhouses Inc.",9595,0802922000,19297,2,42.32462641,-71.07848319
107218,"Howes 5 Roxbury",Tree,"Park tree planted","Cumulus Allegheny Serviceberry (Amelanchier Laevis 'Cumulus')","2026-05-13 14:33:16",2026-05-08,,"The Kensington Investment Company",10737,,,"2026 Sponsorships and Corporate",55,"Cavvichio Greenhouses Inc.",9595,0802922000,19297,1,42.32457697,-71.07862863
107214,"Howes 1 Roxbury",Tree,"Park tree planted","Common hackberry (Celtis occidentalis)","2026-05-13 14:33:15",2026-05-08,,"The Kensington Investment Company",10737,,,"2026 Sponsorships and Corporate",55,"Cavvichio Greenhouses Inc.",9595,0802922000,19297,2,42.32453946,-71.07842545
107213,"Pinson 4 Hyde Park",Tree,"Yard tree planted","Autumn Brilliance Serviceberry (Amelanchier x grandiflora 'Autumn Brilliance')","2026-05-13 13:31:35",2026-05-12,,"Executive Office of Energy and Environmental Affairs",154,,,"Cooling Corridors 2026",64,"Schichtel's Nursery",12059,,,1.5,42.25761873,-71.11264211
107212,"Pinson 3 Hyde Park",Tree,"Yard tree planted","Winter King Hawthorn (Crataegus viridis 'Winter King')","2026-05-13 13:30:58",2026-05-12,,"Executive Office of Energy and Environmental Affairs",154,,,"Cooling Corridors 2026",64,"Schichtel's Nursery",12059,,,1.5,42.25756361,-71.11272672
107211,"Pinson 2 Hyde Park",Tree,"Yard tree planted","Eastern Redbud (Cercis canadensis)","2026-05-13 13:30:16",2026-05-12,,"Executive Office of Energy and Environmental Affairs",154,,,"Cooling Corridors 2026",64,"Schichtel's Nursery",12059,,,1.5,42.25753620,-71.11277274
107210,"Pinson 1 Hyde Park",Tree,"Yard tree planted","Galaxy Magnolia (Magnolia 'Galaxy')","2026-05-13 13:29:21",2026-05-12,,"Executive Office of Energy and Environmental Affairs",154,,,"Cooling Corridors 2026",64,"Schichtel's Nursery",12059,,,1.25,42.25753618,-71.11280389
107206,"Moore 6 East Boston",Tree,"Park tree planted","Kanzan Cherry (Prunus 'Kanzan')","2026-05-13 11:06:06",2022-10-23,,"Temple Ohabei Shalom",4205,"Lawrence Green",3343,"Temple Ohabei Shalom Planting",41,,,0100728000,67959,,,
107207,"Moore 7 East Boston",Tree,"Park tree planted","Kanzan Cherry (Prunus 'Kanzan')","2026-05-13 11:06:06",2022-10-23,,"Temple Ohabei Shalom",4205,"Lawrence Green",3343,"Temple Ohabei Shalom Planting",41,,,0100728000,67959,,,
107208,"Moore 8 East Boston",Tree,"Park tree planted","Sugar Maple (Acer saccharum)","2026-05-13 11:06:06",2022-10-23,,"Temple Ohabei Shalom",4205,"Lawrence Green",3343,"Temple Ohabei Shalom Planting",41,,,0100728000,67959,,,
107209,"Moore 9 East Boston",Tree,"Park tree planted","Tulip Poplar (Liriodendron tulipifera)","2026-05-13 11:06:06",2022-10-23,,"Temple Ohabei Shalom",4205,"Lawrence Green",3343,"Temple Ohabei Shalom Planting",41,,,0100728000,67959,,,
107202,"Moore 2 East Boston",Tree,"Park tree planted","Kanzan Cherry (Prunus 'Kanzan')","2026-05-13 11:06:05",2022-10-23,,"Temple Ohabei Shalom",4205,"Lawrence Green",3343,"Temple Ohabei Shalom Planting",41,,,0100728000,67959,,,
107203,"Moore 3 East Boston",Tree,"Park tree planted","Kanzan Cherry (Prunus 'Kanzan')","2026-05-13 11:06:05",2022-10-23,,"Temple Ohabei Shalom",4205,"Lawrence Green",3343,"Temple Ohabei Shalom Planting",41,,,0100728000,67959,,,
107204,"Moore 4 East Boston",Tree,"Park tree planted","Kanzan Cherry (Prunus 'Kanzan')","2026-05-13 11:06:05",2022-10-23,,"Temple Ohabei Shalom",4205,"Lawrence Green",3343,"Temple Ohabei Shalom Planting",41,,,0100728000,67959,,,
107205,"Moore 5 East Boston",Tree,"Park tree planted","Kanzan Cherry (Prunus 'Kanzan')","2026-05-13 11:06:05",2022-10-23,,"Temple Ohabei Shalom",4205,"Lawrence Green",3343,"Temple Ohabei Shalom Planting",41,,,0100728000,67959,,,
107198,"Memorial 5 East Boston",Tree,"Park tree planted","Downy Serviceberry (Amelanchier arborea)","2026-05-13 11:06:04",2023-04-29,,"American Forests",35,Aspiration,7377,"Aspiration Tree Planting Grant 2023",40,,,0104164006,95333,,,
107199,"Memorial 6 East Boston",Tree,"Park tree planted","Downy Serviceberry (Amelanchier arborea)","2026-05-13 11:06:04",2023-04-29,,"American Forests",35,Aspiration,7377,"Aspiration Tree Planting Grant 2023",40,,,0104164006,95333,,,
107200,"Memorial 7 East Boston",Tree,"Park tree planted","Downy Serviceberry (Amelanchier arborea)","2026-05-13 11:06:04",2023-04-29,,"American Forests",35,Aspiration,7377,"Aspiration Tree Planting Grant 2023",40,,,0104164006,95333,,,
107201,"Moore 1 East Boston",Tree,"Park tree planted","Black Tupelo (Nyssa sylvatica)","2026-05-13 11:06:04",2022-10-23,,"Temple Ohabei Shalom",4205,"Lawrence Green",3343,"Temple Ohabei Shalom Planting",41,,,0100728000,67959,,,
107194,"Memorial 1 East Boston",Tree,"Park tree planted","Common hackberry (Celtis occidentalis)","2026-05-13 11:06:03",2023-04-29,,"American Forests",35,Aspiration,7377,"Aspiration Tree Planting Grant 2023",40,,,0104164006,95333,,,
107195,"Memorial 2 East Boston",Tree,"Park tree planted","Common hackberry (Celtis occidentalis)","2026-05-13 11:06:03",2023-04-29,,"American Forests",35,Aspiration,7377,"Aspiration Tree Planting Grant 2023",40,,,0104164006,95333,,,
107196,"Memorial 3 East Boston",Tree,"Park tree planted","Norway Spruce (Picea abies)","2026-05-13 11:06:03",2023-04-29,,"American Forests",35,Aspiration,7377,"Aspiration Tree Planting Grant 2023",40,,,0104164006,95333,,,
107197,"Memorial 4 East Boston",Tree,"Park tree planted","Norway Spruce (Picea abies)","2026-05-13 11:06:03",2023-04-29,,"American Forests",35,Aspiration,7377,"Aspiration Tree Planting Grant 2023",40,,,0104164006,95333,,,
107190,"Meridian 7 East Boston",Tree,"Park tree planted","Chinkapin Oak (Quercus muehlenbergii)","2026-05-13 11:06:02",2023-06-02,,"American Forests",35,Aspiration,7377,"Aspiration Tree Planting Grant 2023",40,,,,,,,
107191,"Meridian 8 East Boston",Tree,"Park tree planted","Red Maple (Acer rubrum)","2026-05-13 11:06:02",2023-06-02,,"American Forests",35,Aspiration,7377,"Aspiration Tree Planting Grant 2023",40,,,,,,,
107192,"Meridian 9 East Boston",Tree,"Park tree planted","Red Maple (Acer rubrum)","2026-05-13 11:06:02",2023-06-02,,"American Forests",35,Aspiration,7377,"Aspiration Tree Planting Grant 2023",40,,,,,,,
107193,"West Eagle 1 East Boston",Tree,"Park tree planted","Corinthian Littleleaf Linden (Tilia cordata ‘Corzam’)","2026-05-13 11:06:02",2023-06-02,,"American Forests",35,Aspiration,7377,"Aspiration Tree Planting Grant 2023",40,,,,,,,
107186,"Meridian 3 East Boston",Tree,"Park tree planted","Corinthian Littleleaf Linden (Tilia cordata ‘Corzam’)","2026-05-13 11:06:01",2023-06-02,,"American Forests",35,Aspiration,7377,"Aspiration Tree Planting Grant 2023",40,,,,,,,
107187,"Meridian 4 East Boston",Tree,"Park tree planted","Corinthian Littleleaf Linden (Tilia cordata ‘Corzam’)","2026-05-13 11:06:01",2023-06-02,,"American Forests",35,Aspiration,7377,"Aspiration Tree Planting Grant 2023",40,,,,,,,
107188,"Meridian 5 East Boston",Tree,"Park tree planted","Chinkapin Oak (Quercus muehlenbergii)","2026-05-13 11:06:01",2023-06-02,,"American Forests",35,Aspiration,7377,"Aspiration Tree Planting Grant 2023",40,,,,,,,
107189,"Meridian 6 East Boston",Tree,"Park tree planted","Chinkapin Oak (Quercus muehlenbergii)","2026-05-13 11:06:01",2023-06-02,,"American Forests",35,Aspiration,7377,"Aspiration Tree Planting Grant 2023",40,,,,,,,
107182,"Meridian 1 East Boston",Tree,"Park tree planted","Corinthian Littleleaf Linden (Tilia cordata ‘Corzam’)","2026-05-13 11:06:00",2023-06-02,,"American Forests",35,Aspiration,7377,"Aspiration Tree Planting Grant 2023",40,,,,,,,
107183,"Meridian 10 East Boston",Tree,"Park tree planted","Red Maple (Acer rubrum)","2026-05-13 11:06:00",2023-06-02,,"American Forests",35,Aspiration,7377,"Aspiration Tree Planting Grant 2023",40,,,,,,,
107184,"Meridian 11 East Boston",Tree,"Park tree planted","Downy Serviceberry (Amelanchier arborea)","2026-05-13 11:06:00",2023-06-02,,"American Forests",35,Aspiration,7377,"Aspiration Tree Planting Grant 2023",40,,,,,,,
107185,"Meridian 2 East Boston",Tree,"Park tree planted","Corinthian Littleleaf Linden (Tilia cordata ‘Corzam’)","2026-05-13 11:06:00",2023-06-02,,"American Forests",35,Aspiration,7377,"Aspiration Tree Planting Grant 2023",40,,,,,,,
107177,"Epsilon 6 Fruit",Tree,"Park tree planted","Asian Pear Tree(Pyrus pyrifolia)","2026-05-13 11:05:59",2018-10-25,,"American Forests",35,"Epsilon Associates",150,"Epsilon 2018",44,,,,,,,
107178,"Epsilon 7 Fruit",Tree,"Park tree planted","Asian Pear Tree(Pyrus pyrifolia)","2026-05-13 11:05:59",2018-10-25,,"American Forests",35,"Epsilon Associates",150,"Epsilon 2018",44,,,,,,,
107179,"Epsilon 8 Fruit",Tree,"Park tree planted","Asian Pear Tree(Pyrus pyrifolia)","2026-05-13 11:05:59",2018-10-25,,"American Forests",35,"Epsilon Associates",150,"Epsilon 2018",44,,,,,,,
107180,"Epsilon 9 Fruit",Tree,"Park tree planted","Asian Pear Tree(Pyrus pyrifolia)","2026-05-13 11:05:59",2018-10-25,,"American Forests",35,"Epsilon Associates",150,"Epsilon 2018",44,,,,,,,
107181,"Chelsea 1 East Boston",Tree,"Park tree planted","Chinkapin Oak (Quercus muehlenbergii)","2026-05-13 11:05:59",2023-06-02,,"American Forests",35,Aspiration,7377,"Aspiration Tree Planting Grant 2023",40,,,,,,,
107172,"Epsilon 15 Fruit",Tree,"Park tree planted","Persimmon (Diospyros virginiana)","2026-05-13 11:05:58",2018-10-25,,"American Forests",35,"Epsilon Associates",150,"Epsilon 2018",44,,,,,,,
107173,"Epsilon 2 Fruit",Tree,"Park tree planted","Apple (Malus domestica)","2026-05-13 11:05:58",2018-10-25,,"American Forests",35,"Epsilon Associates",150,"Epsilon 2018",44,,,,,,,
107174,"Epsilon 3 Fruit",Tree,"Park tree planted","Asian Pear Tree(Pyrus pyrifolia)","2026-05-13 11:05:58",2018-10-25,,"American Forests",35,"Epsilon Associates",150,"Epsilon 2018",44,,,,,,,
107175,"Epsilon 4 Fruit",Tree,"Park tree planted","Asian Pear Tree(Pyrus pyrifolia)","2026-05-13 11:05:58",2018-10-25,,"American Forests",35,"Epsilon Associates",150,"Epsilon 2018",44,,,,,,,
107176,"Epsilon 5 Fruit",Tree,"Park tree planted","Asian Pear Tree(Pyrus pyrifolia)","2026-05-13 11:05:58",2018-10-25,,"American Forests",35,"Epsilon Associates",150,"Epsilon 2018",44,,,,,,,
107171,"Epsilon 14 Fruit",Tree,"Park tree planted","Persimmon (Diospyros virginiana)","2026-05-13 11:05:57",2018-10-25,,"American Forests",35,"Epsilon Associates",150,"Epsilon 2018",44,,,,,,,
107168,"Epsilon 11 Fruit",Tree,"Park tree planted","Medlars(Mespilus germanica)","2026-05-13 11:05:56",2018-10-25,,"American Forests",35,"Epsilon Associates",150,"Epsilon 2018",44,,,,,,,
107169,"Epsilon 12 Fruit",Tree,"Park tree planted","Peaches(Prunus persica)","2026-05-13 11:05:56",2018-10-25,,"American Forests",35,"Epsilon Associates",150,"Epsilon 2018",44,,,,,,,
107170,"Epsilon 13 Fruit",Tree,"Park tree planted","Peaches(Prunus persica)","2026-05-13 11:05:56",2018-10-25,,"American Forests",35,"Epsilon Associates",150,"Epsilon 2018",44,,,,,,,
107164,"Hazelton 2 Mattapan",Tree,"Park tree planted","Flowering Dogwood (Cornus florida)","2026-05-13 11:05:55",2021-10-16,,,,,,,,,,,,,42.27859000,-71.09391000
107165,"Hazelton 1 Mattapan",Tree,"Park tree planted","Flowering Dogwood (Cornus florida)","2026-05-13 11:05:55",2021-10-16,,,,,,,,,,,,,42.27868000,-71.09401000
107166,"Epsilon 1 Fruit",Tree,"Park tree planted","Apple (Malus domestica)","2026-05-13 11:05:55",2018-10-25,,"American Forests",35,"Epsilon Associates",150,"Epsilon 2018",44,,,,,,,
107167,"Epsilon 10 Fruit",Tree,"Park tree planted","Medlars(Mespilus germanica)","2026-05-13 11:05:55",2018-10-25,,"American Forests",35,"Epsilon Associates",150,"Epsilon 2018",44,,,,,,,
107160,"Byron 9 East Boston",Tree,"Park tree planted","Moonglow Magnolia (Magnolia Virginiana)","2026-05-13 11:05:54",2022-04-24,,"Temple Ohabei Shalom",4205,"Lawrence Green",3343,"Temple Ohabei Shalom Planting",41,,,0100955000,13546,,,
107161,"Hazelton 5 Mattapan",Tree,"Park tree planted","Red Oak (Quercus rubra)","2026-05-13 11:05:54",2021-10-16,,,,,,,,,,,,,42.27848000,-71.09396000
107162,"Hazelton 4 Mattapan",Tree,"Park tree planted","Flowering Dogwood (Cornus florida)","2026-05-13 11:05:54",2021-10-16,,,,,,,,,,,,,42.27852000,-71.09392000
107163,"Hazelton 3 Mattapan",Tree,"Park tree planted","Flowering Dogwood (Cornus florida)","2026-05-13 11:05:54",2021-10-16,,,,,,,,,,,,,42.27853000,-71.09395000
107156,"Byron 5 East Boston",Tree,"Park tree planted","Moonglow Magnolia (Magnolia Virginiana)","2026-05-13 11:05:53",2022-04-24,,"Temple Ohabei Shalom",4205,"Lawrence Green",3343,"Temple Ohabei Shalom Planting",41,,,0100955000,13546,,,
107157,"Byron 6 East Boston",Tree,"Park tree planted","Moonglow Magnolia (Magnolia Virginiana)","2026-05-13 11:05:53",2022-04-24,,"Temple Ohabei Shalom",4205,"Lawrence Green",3343,"Temple Ohabei Shalom Planting",41,,,0100955000,13546,,,
107158,"Byron 7 East Boston",Tree,"Park tree planted","Moonglow Magnolia (Magnolia Virginiana)","2026-05-13 11:05:53",2022-04-24,,"Temple Ohabei Shalom",4205,"Lawrence Green",3343,"Temple Ohabei Shalom Planting",41,,,0100955000,13546,,,
107159,"Byron 8 East Boston",Tree,"Park tree planted","Moonglow Magnolia (Magnolia Virginiana)","2026-05-13 11:05:53",2022-04-24,,"Temple Ohabei Shalom",4205,"Lawrence Green",3343,"Temple Ohabei Shalom Planting",41,,,0100955000,13546,,,
107152,"Byron 1 East Boston",Tree,"Park tree planted","Moonglow Magnolia (Magnolia Virginiana)","2026-05-13 11:05:52",2022-04-24,,"Temple Ohabei Shalom",4205,"Lawrence Green",3343,"Temple Ohabei Shalom Planting",41,,,0100955000,13546,,,
107153,"Byron 2 East Boston",Tree,"Park tree planted","Moonglow Magnolia (Magnolia Virginiana)","2026-05-13 11:05:52",2022-04-24,,"Temple Ohabei Shalom",4205,"Lawrence Green",3343,"Temple Ohabei Shalom Planting",41,,,0100955000,13546,,,
107154,"Byron 3 East Boston",Tree,"Park tree planted","Moonglow Magnolia (Magnolia Virginiana)","2026-05-13 11:05:52",2022-04-24,,"Temple Ohabei Shalom",4205,"Lawrence Green",3343,"Temple Ohabei Shalom Planting",41,,,0100955000,13546,,,
107155,"Byron 4 East Boston",Tree,"Park tree planted","Moonglow Magnolia (Magnolia Virginiana)","2026-05-13 11:05:52",2022-04-24,,"Temple Ohabei Shalom",4205,"Lawrence Green",3343,"Temple Ohabei Shalom Planting",41,,,0100955000,13546,,,
107148,"Nira 4 Jamaica Plain",Tree,"Park tree planted","Downy Serviceberry (Amelanchier arborea)","2026-05-13 11:05:51",2022-05-14,,,,,,,,,,,,,42.32520000,-71.10928000
107149,"Nira 2 Jamaica Plain",Tree,"Park tree planted","Forest Pansy Eastern Redbud (Cercis canadensis 'Forest Pansy')","2026-05-13 11:05:51",2022-05-14,,,,,,,,,,,,,42.32563000,-71.10955000
107150,"Nira 6 Jamaica Plain",Tree,"Park tree planted","Cornus Rutpink (Cornus x rutgersensis)","2026-05-13 11:05:51",2022-05-14,,,,,,,,,,,,,42.32567000,-71.10958000
107151,"Nira 7 Jamaica Plain",Tree,"Park tree planted","Washington Hawthorn (Crataegus phaenopyrum)","2026-05-13 11:05:51",2022-05-14,,,,,,,,,,,,,42.32568000,-71.10941000
107145,"Nira 5 Jamaica Plain",Tree,"Park tree planted","Downy Serviceberry (Amelanchier arborea)","2026-05-13 11:05:50",2022-05-14,,,,,,,,,,,,,42.32514000,-71.10930000
107146,"Nira 3 Jamaica Plain",Tree,"Park tree planted","Forest Pansy Eastern Redbud (Cercis canadensis 'Forest Pansy')","2026-05-13 11:05:50",2022-05-14,,,,,,,,,,,,,42.32515000,-71.10932000
107147,"Nira 1 Jamaica Plain",Tree,"Park tree planted","American Witchhazel (Hamamelis virginiana L.)","2026-05-13 11:05:50",2022-05-14,,,,,,,,,,,,,42.32518000,-71.10924000
107141,"RCC 3 Roxbury",Tree,"Park tree planted","Pin Oak (Quercus Palustris)","2026-05-13 11:05:49",2023-11-16,,"Massachusetts Audubon Society",9719,"Boston Tree Alliance",10379,"Boston Tree Alliance 2026",65,"Schichtel's Nursery",12059,1100029000,50702,,42.32824000,-71.09680000
107142,"RCC 4 Roxbury",Tree,"Park tree planted","Pin Oak (Quercus Palustris)","2026-05-13 11:05:49",2023-11-16,,"Massachusetts Audubon Society",9719,"Boston Tree Alliance",10379,"Boston Tree Alliance 2026",65,"Schichtel's Nursery",12059,1100029000,50702,,42.32830000,-71.09670000
107143,"RCC 5 Roxbury",Tree,"Park tree planted","Pin Oak (Quercus Palustris)","2026-05-13 11:05:49",2023-11-16,,"Massachusetts Audubon Society",9719,"Boston Tree Alliance",10379,"Boston Tree Alliance 2026",65,"Schichtel's Nursery",12059,1100029000,50702,,42.32841000,-71.09670000
107144,"Talbot 1 Dorchester",Tree,"Park tree planted","Forest Pansy Eastern Redbud (Cercis canadensis 'Forest Pansy')","2026-05-13 11:05:49",2023-11-15,,"Massachusetts Audubon Society",9719,"Boston Tree Alliance",10379,"Boston Tree Alliance 2026",65,"Shrubs and Trees Inc",12061,,,,42.28739000,-71.06580000
107138,"Dorr 1 Roxbury",Tree,"Park tree planted","Winter King Hawthorn (Crataegus viridis 'Winter King')","2026-05-13 11:05:48",2023-11-17,,"Massachusetts Audubon Society",9719,"Boston Tree Alliance",10379,"Boston Tree Alliance 2026",65,"Schichtel's Nursery",12059,,,,42.32752000,-71.09210000
107139,"RCC 1 Roxbury",Tree,"Park tree planted","Red Maple (Acer rubrum)","2026-05-13 11:05:48",2023-11-16,,"Massachusetts Audubon Society",9719,"Boston Tree Alliance",10379,"Boston Tree Alliance 2026",65,"Schichtel's Nursery",12059,1100029000,50702,,42.32795000,-71.09670000
107140,"RCC 2 Roxbury",Tree,"Park tree planted","Red Maple (Acer rubrum)","2026-05-13 11:05:48",2023-11-16,,"Massachusetts Audubon Society",9719,"Boston Tree Alliance",10379,"Boston Tree Alliance 2026",65,"Schichtel's Nursery",12059,1100029000,50702,,42.32816000,-71.09680000
107134,"Bethel 1 Jamaica Plain",Tree,"Park tree planted","Pin Oak (Quercus Palustris)","2026-05-13 11:05:47",2023-11-21,,"Massachusetts Audubon Society",9719,"Boston Tree Alliance",10379,"Tree Alliance Pilot 2023",62,"Schichtel's Nursery",12059,,,,42.29439000,-71.11490000
107135,"Bethel 2 Jamaica Plain",Tree,"Park tree planted","Robin Hill Serviceberry (Amelanchier × grandiflora 'Robin Hill')","2026-05-13 11:05:47",2023-11-21,,"Massachusetts Audubon Society",9719,"Boston Tree Alliance",10379,"Tree Alliance Pilot 2023",62,"Schichtel's Nursery",12059,,,,42.29446000,-71.11500000
107136,"Westminster 1 Roxbury",Tree,"Park tree planted","Forest Pansy Eastern Redbud (Cercis canadensis 'Forest Pansy')","2026-05-13 11:05:47",2023-11-20,,"Massachusetts Audubon Society",9719,"Boston Tree Alliance",10379,"Tree Alliance Pilot 2023",62,"Schichtel's Nursery",12059,,,,42.31587000,-71.09510000
107137,"North 1 Roxbury",Tree,"Park tree planted","Northern Catalpa (Catalpa speciosa)","2026-05-13 11:05:47",2023-11-20,,"Massachusetts Audubon Society",9719,"Boston Tree Alliance",10379,"Tree Alliance Pilot 2023",62,"Schichtel's Nursery",12059,,,,42.32181000,-71.07360000
107130,"Cedar Grove 1 Dorchester",Tree,"Park tree planted","Forest Pansy Eastern Redbud (Cercis canadensis 'Forest Pansy')","2026-05-13 11:05:46",2023-12-01,,"Massachusetts Audubon Society",9719,"Boston Tree Alliance",10379,"Tree Alliance Pilot 2023",62,"Schichtel's Nursery",12059,1605388000,89363,,42.27601000,-71.05890000
107131,"Cedar Grove 2 Dorchester",Tree,"Park tree planted","Northern Catalpa (Catalpa speciosa)","2026-05-13 11:05:46",2023-12-01,,"Massachusetts Audubon Society",9719,"Boston Tree Alliance",10379,"Tree Alliance Pilot 2023",62,"Schichtel's Nursery",12059,1605388000,89363,,42.27605000,-71.05900000
107132,"Cedar Grove 3 Dorchester",Tree,"Park tree planted","Northern Catalpa (Catalpa speciosa)","2026-05-13 11:05:46",2023-12-01,,"Massachusetts Audubon Society",9719,"Boston Tree Alliance",10379,"Tree Alliance Pilot 2023",62,"Schichtel's Nursery",12059,1605388000,89363,,42.27608000,-71.05900000
107133,"Cedar Grove 4 Dorchester",Tree,"Park tree planted","Forest Pansy Eastern Redbud (Cercis canadensis 'Forest Pansy')","2026-05-13 11:05:46",2023-12-01,,"Massachusetts Audubon Society",9719,"Boston Tree Alliance",10379,"Tree Alliance Pilot 2023",62,"Schichtel's Nursery",12059,1605388000,89363,,42.27635000,-71.05910000
107127,"Mount Hope 55 Roslindale",Tree,"Park tree planted","Honey Locust (Gleditsia triacanthos)","2026-05-13 11:05:45",2024-11-01,,"American Forests",35,Takeda,6788,"Takeda AF 2024/25",63,"Weston Nurseries",9542,1806135000,97586,,42.28076000,-71.11050000
107128,"Mount Hope 56 Roslindale",Tree,"Park tree planted","Ginkgo (Ginkgo biloba)","2026-05-13 11:05:45",2024-11-01,,"American Forests",35,Takeda,6788,"Takeda AF 2024/25",63,"Weston Nurseries",9542,1806135000,97586,,42.28085000,-71.11060000
107129,"Mount Hope 57 Roslindale",Tree,"Park tree planted","Ginkgo (Ginkgo biloba)","2026-05-13 11:05:45",2024-11-01,,"American Forests",35,Takeda,6788,"Takeda AF 2024/25",63,"Weston Nurseries",9542,1806135000,97586,,42.28098000,-71.11060000
107123,"Mount Hope 51 Roslindale",Tree,"Park tree planted","Honey Locust (Gleditsia triacanthos)","2026-05-13 11:05:44",2024-11-01,,"American Forests",35,Takeda,6788,"Takeda AF 2024/25",63,"Weston Nurseries",9542,1806135000,97586,,42.27996000,-71.11090000
107124,"Mount Hope 52 Roslindale",Tree,"Park tree planted","Red Oak (Quercus rubra)","2026-05-13 11:05:44",2024-11-01,,"American Forests",35,Takeda,6788,"Takeda AF 2024/25",63,"Weston Nurseries",9542,1806135000,97586,,42.28009000,-71.11090000
107125,"Mount Hope 53 Roslindale",Tree,"Park tree planted","London planetree (Platanus x acerifolia)","2026-05-13 11:05:44",2024-11-01,,"American Forests",35,Takeda,6788,"Takeda AF 2024/25",63,"Weston Nurseries",9542,1806135000,97586,,42.28021000,-71.11090000
107126,"Mount Hope 54 Roslindale",Tree,"Park tree planted","American Linden (Tilia americana)","2026-05-13 11:05:44",2024-11-01,,"American Forests",35,Takeda,6788,"Takeda AF 2024/25",63,"Weston Nurseries",9542,1806135000,97586,,42.28029000,-71.11090000
107121,"Mount Hope 49 Roslindale",Tree,"Park tree planted","Sweetgum (Liquidambar styraciflua)","2026-05-13 11:05:43",2024-11-01,,"American Forests",35,Takeda,6788,"Takeda AF 2024/25",63,"Amherst Nurseries",3171,1806135000,97586,,42.27980000,-71.11070000
107122,"Mount Hope 50 Roslindale",Tree,"Park tree planted","Pin Oak (Quercus Palustris)","2026-05-13 11:05:43",2024-11-01,,"American Forests",35,Takeda,6788,"Takeda AF 2024/25",63,"Weston Nurseries",9542,1806135000,97586,,42.27990000,-71.11080000
107119,"Mount Hope 47 Roslindale",Tree,"Park tree planted","Pin Oak (Quercus Palustris)","2026-05-13 11:05:41",2024-11-01,,"American Forests",35,Takeda,6788,"Takeda AF 2024/25",63,"Amherst Nurseries",3171,1806135000,97586,,42.27971000,-71.11070000
107120,"Mount Hope 48 Roslindale",Tree,"Park tree planted","Sweetgum (Liquidambar styraciflua)","2026-05-13 11:05:41",2024-11-01,,"American Forests",35,Takeda,6788,"Takeda AF 2024/25",63,"Amherst Nurseries",3171,1806135000,97586,,42.27980000,-71.11070000
107115,"Allen 9 Dorchester",Tree,"Park tree planted","Pin Oak (Quercus Palustris)","2026-05-13 11:05:40",2026-04-25,,"Nixon Peabody",270,,,"Arborday 2026 Planting",67,,,1500365000,80857,2,42.30814305,-71.06329038
107116,"Allen 10 Dorchester",Tree,"Park tree planted","Balsam Fir (Abies balsamea)","2026-05-13 11:05:40",2026-04-25,,"Nixon Peabody",270,,,"Arborday 2026 Planting",67,,,1500365000,80857,2,42.30823472,-71.06357618
107117,"Mount Hope 45 Roslindale",Tree,"Park tree planted","American Linden (Tilia americana)","2026-05-13 11:05:40",2024-11-01,,"American Forests",35,Takeda,6788,"Takeda AF 2024/25",63,"Amherst Nurseries",3171,1806135000,97586,,42.27952000,-71.11080000
107118,"Mount Hope 46 Roslindale",Tree,"Park tree planted","White Oak (Quercus alba)","2026-05-13 11:05:40",2024-11-01,,"American Forests",35,Takeda,6788,"Takeda AF 2024/25",63,"Amherst Nurseries",3171,1806135000,97586,,42.27960000,-71.11070000
107111,"Allen 5 Dorchester",Tree,"Park tree planted","American Sycamore (Platanus occidentalis)","2026-05-13 11:05:39",2026-04-25,,"Nixon Peabody",270,,,"Arborday 2026 Planting",67,,,1500365000,80857,2,42.30800441,-71.06294890
107112,"Allen 6 Dorchester",Tree,"Park tree planted","Pin Oak (Quercus Palustris)","2026-05-13 11:05:39",2026-04-25,,"Nixon Peabody",270,,,"Arborday 2026 Planting",67,,,1500365000,80857,2,42.30807847,-71.06301715
107113,"Allen 7 Dorchester",Tree,"Park tree planted","American Sycamore (Platanus occidentalis)","2026-05-13 11:05:39",2026-04-25,,"Nixon Peabody",270,,,"Arborday 2026 Planting",67,,,1500365000,80857,2,42.30817260,-71.06305812
107114,"Allen 8 Dorchester",Tree,"Park tree planted","Pin Oak (Quercus Palustris)","2026-05-13 11:05:39",2026-04-25,,"Nixon Peabody",270,,,"Arborday 2026 Planting",67,,,1500365000,80857,2,42.30811200,-71.06315135
107108,"Allen 2 Dorchester",Tree,"Park tree planted","American Sentry Linden (Tilia ‘American Sentry’)","2026-05-13 11:05:38",2026-04-25,,"Nixon Peabody",270,,,"Arborday 2026 Planting",67,,,1500365000,80857,2,42.30789030,-71.06275612
107109,"Allen 3 Dorchester",Tree,"Park tree planted","American Sentry Linden (Tilia ‘American Sentry’)","2026-05-13 11:05:38",2026-04-25,,"Nixon Peabody",270,,,"Arborday 2026 Planting",67,,,1500365000,80857,2,42.30777132,-71.06275888
107110,"Allen 4 Dorchester",Tree,"Park tree planted","Balsam Fir (Abies balsamea)","2026-05-13 11:05:38",2026-04-25,,"Nixon Peabody",270,,,"Arborday 2026 Planting",67,,,1500365000,80857,2,42.30774467,-71.06285643
107104,"Harambee 75 Dorchester",Tree,"Park tree planted","Sweetgum (Liquidambar styraciflua)","2026-05-13 11:05:37",2026-05-01,,"Arbor Day Foundation",40,,,,,"Bigelow Nurseries",8699,1402863000,46867,2,42.29178076,-71.08648954
107105,"Harambee 76 Dorchester",Tree,"Park tree planted","Sweetgum (Liquidambar styraciflua)","2026-05-13 11:05:37",2026-05-01,,"Arbor Day Foundation",40,,,,,"Bigelow Nurseries",8699,1402863000,46867,2,42.29167542,-71.08649784
107106,"Harambee 77 Dorchester",Tree,"Park tree planted","Sweetgum (Liquidambar styraciflua)","2026-05-13 11:05:37",2026-05-01,,"Arbor Day Foundation",40,,,,,"Bigelow Nurseries",8699,1402863000,46867,2,42.29161769,-71.08651623
107107,"Allen 1 Dorchester",Tree,"Park tree planted","American Sentry Linden (Tilia ‘American Sentry’)","2026-05-13 11:05:37",2026-04-25,,"Nixon Peabody",270,,,"Arborday 2026 Planting",67,,,1500365000,80857,2,42.30795638,-71.06276244
107100,"Harambee 71 Dorchester",Tree,"Park tree planted","Princeton Sentry Elm (Ulmus americana 'Princeton')","2026-05-13 11:05:36",2026-05-01,,"Arbor Day Foundation",40,,,,,"Bigelow Nurseries",8699,1402863000,46867,2,42.29204520,-71.08639805
107101,"Harambee 72 Dorchester",Tree,"Park tree planted","Princeton Sentry Elm (Ulmus americana 'Princeton')","2026-05-13 11:05:36",2026-05-01,,"Arbor Day Foundation",40,,,,,"Bigelow Nurseries",8699,1402863000,46867,2,42.29197466,-71.08644222
107102,"Harambee 73 Dorchester",Tree,"Park tree planted","Princeton Sentry Elm (Ulmus americana 'Princeton')","2026-05-13 11:05:36",2026-05-01,,"Arbor Day Foundation",40,,,,,"Bigelow Nurseries",8699,1402863000,46867,2,42.29191262,-71.08653077
107103,"Harambee 74 Dorchester",Tree,"Park tree planted","Sweetgum (Liquidambar styraciflua)","2026-05-13 11:05:36",2026-05-01,,"Arbor Day Foundation",40,,,,,"Bigelow Nurseries",8699,1402863000,46867,2,42.29183451,-71.08648674
107096,"Harambee 67 Dorchester",Tree,"Park tree planted","Common hackberry (Celtis occidentalis)","2026-05-13 11:05:35",2026-05-01,,"Arbor Day Foundation",40,,,,,"Bigelow Nurseries",8699,1402863000,46867,2,42.29212469,-71.08628349
107097,"Harambee 68 Dorchester",Tree,"Park tree planted","Common hackberry (Celtis occidentalis)","2026-05-13 11:05:35",2026-05-01,,"Arbor Day Foundation",40,,,,,"Bigelow Nurseries",8699,1402863000,46867,2,42.29222981,-71.08628658
107098,"Harambee 69 Dorchester",Tree,"Park tree planted","Common hackberry (Celtis occidentalis)","2026-05-13 11:05:35",2026-05-01,,"Arbor Day Foundation",40,,,,,"Bigelow Nurseries",8699,1402863000,46867,2,42.29228305,-71.08630393
107099,"Harambee 70 Dorchester",Tree,"Park tree planted","Princeton Sentry Elm (Ulmus americana 'Princeton')","2026-05-13 11:05:35",2026-05-01,,"Arbor Day Foundation",40,,,,,"Bigelow Nurseries",8699,1402863000,46867,2,42.29211953,-71.08637588
107093,"Fairview 64 Hyde Park",Tree,"Park tree planted","Pin Oak (Quercus Palustris)","2026-05-13 11:05:34",2026-05-02,,"Arbor Day Foundation",40,,,,,,,1812269085,69388,2,42.24642865,-71.14224249
107094,"Fairview 65 Hyde Park",Tree,"Park tree planted","Pin Oak (Quercus Palustris)","2026-05-13 11:05:34",2026-05-02,,"Arbor Day Foundation",40,,,,,,,1812269085,69388,2,42.24633413,-71.14230112
107095,"Harambee 66 Dorchester",Tree,"Park tree planted","Common hackberry (Celtis occidentalis)","2026-05-13 11:05:34",2026-05-01,,"Arbor Day Foundation",40,,,,,"Bigelow Nurseries",8699,1402863000,46867,2,42.29205340,-71.08627243
107089,"Fairview 60 Hyde Park",Tree,"Park tree planted","Princeton Sentry Elm (Ulmus americana 'Princeton')","2026-05-13 11:05:33",2026-05-02,,"Arbor Day Foundation",40,,,,,,,1812269085,69388,2,42.24668654,-71.14220095
107090,"Fairview 61 Hyde Park",Tree,"Park tree planted","Princeton Sentry Elm (Ulmus americana 'Princeton')","2026-05-13 11:05:33",2026-05-02,,"Arbor Day Foundation",40,,,,,,,1812269085,69388,2,42.24669635,-71.14225413
107091,"Fairview 62 Hyde Park",Tree,"Park tree planted","Pin Oak (Quercus Palustris)","2026-05-13 11:05:33",2026-05-02,,"Arbor Day Foundation",40,,,,,,,1812269085,69388,2,42.24665374,-71.14223029
107092,"Fairview 63 Hyde Park",Tree,"Park tree planted","Pin Oak (Quercus Palustris)","2026-05-13 11:05:33",2026-05-02,,"Arbor Day Foundation",40,,,,,,,1812269085,69388,2,42.24656698,-71.14225251
107086,"Fairview 57 Hyde Park",Tree,"Park tree planted","Skyline Honeylocust (Gleditsia triacanthos f. inermis 'Skycole')","2026-05-13 11:05:32",2026-05-02,,"Arbor Day Foundation",40,,,,,,,1812269085,69388,2,42.24689409,-71.14200717
107087,"Fairview 58 Hyde Park",Tree,"Park tree planted","Princeton Sentry Elm (Ulmus americana 'Princeton')","2026-05-13 11:05:32",2026-05-02,,"Arbor Day Foundation",40,,,,,,,1812269085,69388,2,42.24697233,-71.14228251
107088,"Fairview 59 Hyde Park",Tree,"Park tree planted","Princeton Sentry Elm (Ulmus americana 'Princeton')","2026-05-13 11:05:32",2026-05-02,,"Arbor Day Foundation",40,,,,,,,1812269085,69388,2,42.24683216,-71.14227138
107082,"Mount Hope 9 Roslindale",Tree,"Park tree planted","Sweetgum (Liquidambar styraciflua)","2026-05-13 11:05:31",2025-04-25,,"American Forests",35,Takeda,6788,"Takeda AF 2024/25",63,"Bigelow Nurseries",8699,1806135000,97586,,42.27905000,-71.10790000
107083,"Fairview 54 Hyde Park",Tree,"Park tree planted","Skyline Honeylocust (Gleditsia triacanthos f. inermis 'Skycole')","2026-05-13 11:05:31",2026-05-02,,"Arbor Day Foundation",40,,,,,,,1812269085,69388,2,42.24690372,-71.14190718
107084,"Fairview 55 Hyde Park",Tree,"Park tree planted","Skyline Honeylocust (Gleditsia triacanthos f. inermis 'Skycole')","2026-05-13 11:05:31",2026-05-02,,"Arbor Day Foundation",40,,,,,,,1812269085,69388,2,42.24696206,-71.14199954
107085,"Fairview 56 Hyde Park",Tree,"Park tree planted","Skyline Honeylocust (Gleditsia triacanthos f. inermis 'Skycole')","2026-05-13 11:05:31",2026-05-02,,"Arbor Day Foundation",40,,,,,,,1812269085,69388,2,42.24692281,-71.14205524
107078,"Mount Hope 17 Roslindale",Tree,"Park tree planted","White Fir (Abies concolor)","2026-05-13 11:05:30",2025-04-25,,"American Forests",35,Takeda,6788,"Takeda AF 2024/25",63,"Bigelow Nurseries",8699,1806135000,97586,,42.27900000,-71.10810000
107079,"Mount Hope 19 Roslindale",Tree,"Park tree planted","Black Tupelo (Nyssa sylvatica)","2026-05-13 11:05:30",2025-04-25,,"American Forests",35,Takeda,6788,"Takeda AF 2024/25",63,"Bigelow Nurseries",8699,1806135000,97586,,42.27954000,-71.10980000
107080,"Mount Hope 20 Roslindale",Tree,"Park tree planted","Princeton Sentry Elm (Ulmus americana 'Princeton')","2026-05-13 11:05:30",2025-04-25,,"American Forests",35,Takeda,6788,"Takeda AF 2024/25",63,"Bigelow Nurseries",8699,1806135000,97586,,42.27972000,-71.10720000
107081,"Mount Hope 8 Roslindale",Tree,"Park tree planted","Sweetgum (Liquidambar styraciflua)","2026-05-13 11:05:30",2025-04-25,,"American Forests",35,Takeda,6788,"Takeda AF 2024/25",63,"Bigelow Nurseries",8699,1806135000,97586,,42.28020000,-71.10670000
107075,"Mount Hope 14 Roslindale",Tree,"Park tree planted","Sugar Maple (Acer saccharum)","2026-05-13 11:05:29",2025-04-25,,"American Forests",35,Takeda,6788,"Takeda AF 2024/25",63,"Bigelow Nurseries",8699,1806135000,97586,,42.27975000,-71.11010000
107076,"Mount Hope 15 Roslindale",Tree,"Park tree planted","Horse Chestnut (Aesculus hippocastanum)","2026-05-13 11:05:29",2025-04-25,,"American Forests",35,Takeda,6788,"Takeda AF 2024/25",63,"Bigelow Nurseries",8699,1806135000,97586,,42.28099000,-71.11010000
107077,"Mount Hope 16 Roslindale",Tree,"Park tree planted","Pin Oak (Quercus Palustris)","2026-05-13 11:05:29",2025-04-25,,"American Forests",35,Takeda,6788,"Takeda AF 2024/25",63,"Bigelow Nurseries",8699,1806135000,97586,,42.27973000,-71.11080000
107072,"Mount Hope 11 Roslindale",Tree,"Park tree planted","White Fir (Abies concolor)","2026-05-13 11:05:28",2025-04-25,,"American Forests",35,Takeda,6788,"Takeda AF 2024/25",63,"Bigelow Nurseries",8699,1806135000,97586,,42.27920000,-71.10910000
107073,"Mount Hope 12 Roslindale",Tree,"Park tree planted","Black Tupelo (Nyssa sylvatica)","2026-05-13 11:05:28",2025-04-25,,"American Forests",35,Takeda,6788,"Takeda AF 2024/25",63,"Bigelow Nurseries",8699,1806135000,97586,,42.27921000,-71.10880000
107074,"Mount Hope 13 Roslindale",Tree,"Park tree planted","Pin Oak (Quercus Palustris)","2026-05-13 11:05:28",2025-04-25,,"American Forests",35,Takeda,6788,"Takeda AF 2024/25",63,"Bigelow Nurseries",8699,1806135000,97586,,42.27960000,-71.10990000
107071,"Mount Hope 10 Roslindale",Tree,"Park tree planted","Princeton Sentry Elm (Ulmus americana 'Princeton')","2026-05-13 11:05:27",2025-04-25,,"American Forests",35,Takeda,6788,"Takeda AF 2024/25",63,"Bigelow Nurseries",8699,1806135000,97586,,42.27952000,-71.10750000
106365,"Mount Hope 65 Roslindale",Tree,"Park tree planted","Black Tupelo (Nyssa sylvatica)","2026-05-05 15:25:19",2026-04-18,,"Executive Office of Energy and Environmental Affairs",154,,,"Cooling Corridors 2026",64,,,1806135000,97586,2,42.28180329,-71.10109001
106366,"Mount Hope 66 Roslindale",Tree,"Park tree planted","Tulip Poplar (Liriodendron tulipifera)","2026-05-05 15:25:19",2026-04-18,,"Executive Office of Energy and Environmental Affairs",154,,,"Cooling Corridors 2026",64,,,1806135000,97586,2,42.28178651,-71.10116941
106367,"Mount Hope 67 Roslindale",Tree,"Park tree planted","Tulip Poplar (Liriodendron tulipifera)","2026-05-05 15:25:19",2026-04-18,,"Executive Office of Energy and Environmental Affairs",154,,,"Cooling Corridors 2026",64,,,1806135000,97586,2,42.28177473,-71.10123484
106361,"Mount Hope 61 Roslindale",Tree,"Park tree planted","Common hackberry (Celtis occidentalis)","2026-05-05 15:25:18",2026-04-18,,"Executive Office of Energy and Environmental Affairs",154,,,"Cooling Corridors 2026",64,,,1806135000,97586,2,42.28192614,-71.10062564
106362,"Mount Hope 62 Roslindale",Tree,"Park tree planted","Common hackberry (Celtis occidentalis)","2026-05-05 15:25:18",2026-04-18,,"Executive Office of Energy and Environmental Affairs",154,,,"Cooling Corridors 2026",64,,,1806135000,97586,2,42.28187982,-71.10075105
106363,"Mount Hope 63 Roslindale",Tree,"Park tree planted","Common hackberry (Celtis occidentalis)","2026-05-05 15:25:18",2026-04-18,,"Executive Office of Energy and Environmental Affairs",154,,,"Cooling Corridors 2026",64,,,1806135000,97586,2,42.28187145,-71.10080764
106364,"Mount Hope 64 Roslindale",Tree,"Park tree planted","Black Tupelo (Nyssa sylvatica)","2026-05-05 15:25:18",2026-04-18,,"Executive Office of Energy and Environmental Affairs",154,,,"Cooling Corridors 2026",64,,,1806135000,97586,2,42.28183932,-71.10091247
106357,"Ross 6 Hyde Park",Tree,"Park tree planted","Okame Cherry (Prunus 'Okame')","2026-05-05 15:25:17",2025-11-24,,"Department of Conservation and Recreation",137,,,"DCR 2025",60,"Bigelow Nurseries",8699,1807056000,34093,,42.26525000,-71.11270000
106358,"Mount Hope 58 Roslindale",Tree,"Park tree planted","Tulip Poplar (Liriodendron tulipifera)","2026-05-05 15:25:17",2026-04-18,,"Executive Office of Energy and Environmental Affairs",154,,,"Cooling Corridors 2026",64,,,1806135000,97586,2,42.28202626,-71.10024638
106359,"Mount Hope 59 Roslindale",Tree,"Park tree planted","Pin Oak (Quercus Palustris)","2026-05-05 15:25:17",2026-04-18,,"Executive Office of Energy and Environmental Affairs",154,,,"Cooling Corridors 2026",64,,,1806135000,97586,2,42.28196695,-71.10045453
106360,"Mount Hope 60 Roslindale",Tree,"Park tree planted","Pin Oak (Quercus Palustris)","2026-05-05 15:25:17",2026-04-18,,"Executive Office of Energy and Environmental Affairs",154,,,"Cooling Corridors 2026",64,,,1806135000,97586,2,42.28193430,-71.10054101
106353,"Ross 1 Hyde Park",Tree,"Park tree planted","Okame Cherry (Prunus 'Okame')","2026-05-05 15:25:16",2025-11-24,,"Department of Conservation and Recreation",137,,,"DCR 2025",60,"Bigelow Nurseries",8699,1807056000,34093,,42.26518000,-71.11270000
106354,"Ross 10 Hyde Park",Tree,"Park tree planted","Moonglow Magnolia (Magnolia Virginiana)","2026-05-05 15:25:16",2025-11-24,,"Department of Conservation and Recreation",137,,,"DCR 2025",60,"Bigelow Nurseries",8699,1807056000,34093,,42.26480000,-71.11450000
106355,"Ross 12 Hyde Park",Tree,"Park tree planted","Moonglow Magnolia (Magnolia Virginiana)","2026-05-05 15:25:16",2025-11-24,,"Department of Conservation and Recreation",137,,,"DCR 2025",60,"Bigelow Nurseries",8699,1807056000,34093,,42.26490000,-71.11360000
106356,"Ross 5 Hyde Park",Tree,"Park tree planted","Okame Cherry (Prunus 'Okame')","2026-05-05 15:25:16",2025-11-24,,"Department of Conservation and Recreation",137,,,"DCR 2025",60,"Bigelow Nurseries",8699,1807056000,34093,,42.26523000,-71.11270000
106350,"Harambee 63 Dorchester",Tree,"Park tree planted","Black Tupelo (Nyssa sylvatica)","2026-05-05 15:25:15",2025-11-20,,"Department of Conservation and Recreation",137,,,"DCR 2025",60,"Weston Nurseries",9542,1402863000,46867,,42.29315000,-71.08590000
106351,"Harambee 64 Dorchester",Tree,"Park tree planted","Black Tupelo (Nyssa sylvatica)","2026-05-05 15:25:15",2025-11-20,,"Department of Conservation and Recreation",137,,,"DCR 2025",60,"Weston Nurseries",9542,1402863000,46867,,42.29316000,-71.08580000
106352,"Harambee 65 Dorchester",Tree,"Park tree planted","Black Tupelo (Nyssa sylvatica)","2026-05-05 15:25:15",2025-11-20,,"Department of Conservation and Recreation",137,,,"DCR 2025",60,"Weston Nurseries",9542,1402863000,46867,,42.29319000,-71.08570000
106346,"Harambee 59 Dorchester",Tree,"Park tree planted","Pin Oak (Quercus Palustris)","2026-05-05 15:25:14",2025-11-20,,"Department of Conservation and Recreation",137,,,"DCR 2025",60,"Shrubs and Trees Inc",12061,1402863000,46867,,42.29277000,-71.08580000
106347,"Harambee 60 Dorchester",Tree,"Park tree planted","Honey Locust (Gleditsia triacanthos)","2026-05-05 15:25:14",2025-11-20,,"Department of Conservation and Recreation",137,,,"DCR 2025",60,"Shrubs and Trees Inc",12061,1402863000,46867,,42.29296000,-71.08600000
106348,"Harambee 61 Dorchester",Tree,"Park tree planted","Honey Locust (Gleditsia triacanthos)","2026-05-05 15:25:14",2025-11-20,,"Department of Conservation and Recreation",137,,,"DCR 2025",60,"Shrubs and Trees Inc",12061,1402863000,46867,,42.29299000,-71.08590000
106349,"Harambee 62 Dorchester",Tree,"Park tree planted","Honey Locust (Gleditsia triacanthos)","2026-05-05 15:25:14",2025-11-20,,"Department of Conservation and Recreation",137,,,"DCR 2025",60,"Weston Nurseries",9542,1402863000,46867,,42.29300000,-71.08580000
106342,"Mozart 2 Roslindale",Tree,"Park tree planted","American Hophornbeam (Ostrya virginiana)","2026-05-05 15:25:13",2025-11-13,,"Department of Conservation and Recreation",137,,,"DCR 2025",60,"Weston Nurseries",9542,2000931000,83102,,42.28092000,-71.14090000
106343,"Mozart 1 Roslindale",Tree,"Park tree planted","American Hophornbeam (Ostrya virginiana)","2026-05-05 15:25:13",2025-11-13,,"Department of Conservation and Recreation",137,,,"DCR 2025",60,"Weston Nurseries",9542,2000931000,83102,,42.28081000,-71.14090000
106344,"Harambee 57 Dorchester",Tree,"Park tree planted","Pin Oak (Quercus Palustris)","2026-05-05 15:25:13",2025-11-20,,"Department of Conservation and Recreation",137,,,"DCR 2025",60,"Shrubs and Trees Inc",12061,1402863000,46867,,42.29268000,-71.08560000
106345,"Harambee 58 Dorchester",Tree,"Park tree planted","Pin Oak (Quercus Palustris)","2026-05-05 15:25:13",2025-11-20,,"Department of Conservation and Recreation",137,,,"DCR 2025",60,"Shrubs and Trees Inc",12061,1402863000,46867,,42.29271000,-71.08570000
106339,"FCR 1 Roxbury",Tree,"Park tree planted","Red Maple (Acer rubrum)","2026-05-05 15:25:12",2025-11-12,,"Department of Conservation and Recreation",137,,,"DCR 2025",60,"Shrubs and Trees Inc",12061,0903294000,52280,,42.32970000,-71.08970000
106340,"Mozart 4 Roslindale",Tree,"Park tree planted","Tulip Poplar (Liriodendron tulipifera)","2026-05-05 15:25:12",2025-11-13,,"Department of Conservation and Recreation",137,,,"DCR 2025",60,"Weston Nurseries",9542,2000931000,83102,,42.28106000,-71.14100000
106341,"Mozart 3 Roslindale",Tree,"Park tree planted","American Hophornbeam (Ostrya virginiana)","2026-05-05 15:25:12",2025-11-13,,"Department of Conservation and Recreation",137,,,"DCR 2025",60,"Weston Nurseries",9542,2000931000,83102,,42.28083000,-71.14080000
106336,"Ross 24 Hyde Park",Tree,"Park tree planted","London planetree (Platanus x acerifolia)","2026-05-05 15:25:11",2025-11-03,,"Department of Conservation and Recreation",137,,,"DCR 2025",60,"Shrubs and Trees Inc",12061,1807056000,34093,,42.26427000,-71.11180000
106337,"Ross 7 Hyde Park",Tree,"Park tree planted","Red Maple (Acer rubrum)","2026-05-05 15:25:11",2025-11-03,,"Department of Conservation and Recreation",137,,,"DCR 2025",60,"Bigelow Nurseries",8699,1807056000,34093,,42.26326000,-71.11230000
106338,"FCR 3 Roxbury",Tree,"Park tree planted","Red Maple (Acer rubrum)","2026-05-05 15:25:11",2025-11-12,,"Department of Conservation and Recreation",137,,,"DCR 2025",60,"Shrubs and Trees Inc",12061,0903294000,52280,,42.32972000,-71.08940000
106332,"Ross 19 Hyde Park",Tree,"Park tree planted","Red Oak (Quercus rubra)","2026-05-05 15:25:10",2025-11-03,,"Department of Conservation and Recreation",137,,,"DCR 2025",60,"Bigelow Nurseries",8699,1807056000,34093,,42.26352000,-71.11160000
106333,"Ross 20 Hyde Park",Tree,"Park tree planted","Red Oak (Quercus rubra)","2026-05-05 15:25:10",2025-11-03,,"Department of Conservation and Recreation",137,,,"DCR 2025",60,"Shrubs and Trees Inc",12061,1807056000,34093,,42.26357000,-71.11150000
106334,"Ross 22 Hyde Park",Tree,"Park tree planted","London planetree (Platanus x acerifolia)","2026-05-05 15:25:10",2025-11-03,,"Department of Conservation and Recreation",137,,,"DCR 2025",60,"Bigelow Nurseries",8699,1807056000,34093,,42.26375000,-71.11150000
106335,"Ross 23 Hyde Park",Tree,"Park tree planted","London planetree (Platanus x acerifolia)","2026-05-05 15:25:10",2025-11-03,,"Department of Conservation and Recreation",137,,,"DCR 2025",60,"Shrubs and Trees Inc",12061,1807056000,34093,,42.26415000,-71.11180000
106329,"Ross 15 Hyde Park",Tree,"Park tree planted","Red Maple (Acer rubrum)","2026-05-05 15:25:09",2025-11-03,,"Department of Conservation and Recreation",137,,,"DCR 2025",60,"Bigelow Nurseries",8699,1807056000,34093,,42.26324000,-71.11240000
106330,"Ross 16 Hyde Park",Tree,"Park tree planted","London planetree (Platanus x acerifolia)","2026-05-05 15:25:09",2025-11-03,,"Department of Conservation and Recreation",137,,,"DCR 2025",60,"Bigelow Nurseries",8699,1807056000,34093,,42.26451000,-71.11200000
106331,"Ross 18 Hyde Park",Tree,"Park tree planted","Red Maple (Acer rubrum)","2026-05-05 15:25:09",2025-11-03,,"Department of Conservation and Recreation",137,,,"DCR 2025",60,"Shrubs and Trees Inc",12061,1807056000,34093,,42.26328000,-71.11210000
106327,"Fairview 53 Hyde Park",Tree,"Park tree planted","Ginkgo (Ginkgo biloba)","2026-05-05 15:25:08",2025-10-31,,"Department of Conservation and Recreation",137,,,"DCR 2025",60,,,1812269085,69388,,42.24598000,-71.14300000
106328,"Ross 13 Hyde Park",Tree,"Park tree planted","London planetree (Platanus x acerifolia)","2026-05-05 15:25:08",2025-11-03,,"Department of Conservation and Recreation",137,,,"DCR 2025",60,"Bigelow Nurseries",8699,1807056000,34093,,42.26437000,-71.11190000
106325,"Fairview 51 Hyde Park",Tree,"Park tree planted","Red Oak (Quercus rubra)","2026-05-05 15:25:07",2025-10-31,,"Department of Conservation and Recreation",137,,,"DCR 2025",60,"Weston Nurseries",9542,1812269085,69388,,42.24612000,-71.14270000
106326,"Fairview 52 Hyde Park",Tree,"Park tree planted","London planetree (Platanus x acerifolia)","2026-05-05 15:25:07",2025-10-31,,"Department of Conservation and Recreation",137,,,"DCR 2025",60,,,1812269085,69388,,42.24683000,-71.14330000
106321,"Fairview 47 Hyde Park",Tree,"Park tree planted","London planetree (Platanus x acerifolia)","2026-05-05 15:25:06",2025-10-31,,"Department of Conservation and Recreation",137,,,"DCR 2025",60,"Shrubs and Trees Inc",12061,1812269085,69388,,42.24672000,-71.14310000
106322,"Fairview 48 Hyde Park",Tree,"Park tree planted","Red Oak (Quercus rubra)","2026-05-05 15:25:06",2025-10-31,,"Department of Conservation and Recreation",137,,,"DCR 2025",60,"Shrubs and Trees Inc",12061,1812269085,69388,,42.24641000,-71.14220000
106323,"Fairview 49 Hyde Park",Tree,"Park tree planted","London planetree (Platanus x acerifolia)","2026-05-05 15:25:06",2025-10-31,,"Department of Conservation and Recreation",137,,,"DCR 2025",60,"Schichtel's Nursery",12059,1812269085,69388,,42.24623000,-71.14250000
106324,"Fairview 50 Hyde Park",Tree,"Park tree planted","Ginkgo (Ginkgo biloba)","2026-05-05 15:25:06",2025-10-31,,"Department of Conservation and Recreation",137,,,"DCR 2025",60,"Weston Nurseries",9542,1812269085,69388,,42.24614000,-71.14270000
106317,"FCR 2 Roxbury",Tree,"Park tree planted","American Hophornbeam (Ostrya virginiana)","2026-05-05 15:25:05",2025-10-30,,"Department of Conservation and Recreation",137,,,"DCR 2025",60,"Shrubs and Trees Inc",12061,,,,42.32969000,-71.08940000
106318,"Fairview 44 Hyde Park",Tree,"Park tree planted","London planetree (Platanus x acerifolia)","2026-05-05 15:25:05",2025-10-31,,"Department of Conservation and Recreation",137,,,"DCR 2025",60,"Shrubs and Trees Inc",12061,1812269085,69388,,42.24676000,-71.14290000
106319,"Fairview 45 Hyde Park",Tree,"Park tree planted","Red Oak (Quercus rubra)","2026-05-05 15:25:05",2025-10-31,,"Department of Conservation and Recreation",137,,,"DCR 2025",60,"Shrubs and Trees Inc",12061,1812269085,69388,,42.24688000,-71.14310000
106320,"Fairview 46 Hyde Park",Tree,"Park tree planted","Red Oak (Quercus rubra)","2026-05-05 15:25:05",2025-10-31,,"Department of Conservation and Recreation",137,,,"DCR 2025",60,"Shrubs and Trees Inc",12061,1812269085,69388,,42.24674000,-71.14320000
106314,"Peace Park 13 Charlestown",Tree,"Park tree planted","Red Maple (Acer rubrum)","2026-05-05 15:25:04",2025-10-25,,"Department of Conservation and Recreation",137,,,"DCR 2025",60,,,,,,42.37458890,-71.05781800
106315,"RCHS 1 Roxbury",Tree,"Park tree planted","American Hophornbeam (Ostrya virginiana)","2026-05-05 15:25:04",2025-10-29,,"Department of Conservation and Recreation",137,,,"DCR 2025",60,"Schichtel's Nursery",12059,,,,42.32355000,-71.08760000
106316,"RCHS 2 Roxbury",Tree,"Park tree planted","American Hophornbeam (Ostrya virginiana)","2026-05-05 15:25:04",2025-10-29,,"Department of Conservation and Recreation",137,,,"DCR 2025",60,"Schichtel's Nursery",12059,,,,42.32362000,-71.08740000
106310,"Peace Park 3 Charlestown",Tree,"Park tree planted","Sweetgum (Liquidambar styraciflua)","2026-05-05 15:25:03",2025-10-25,,"Department of Conservation and Recreation",137,,,"DCR 2025",60,"Schichtel's Nursery",12059,,,,42.37472000,-71.05800000
106311,"Peace Park 5 Charlestown",Tree,"Park tree planted","Snow Goose Cherry (Prunus 'Snow Goose')","2026-05-05 15:25:03",2025-10-25,,"Department of Conservation and Recreation",137,,,"DCR 2025",60,"Schichtel's Nursery",12059,,,,42.37457000,-71.05790000
106312,"Peace Park 1 Charlestown",Tree,"Park tree planted","Snow Goose Cherry (Prunus 'Snow Goose')","2026-05-05 15:25:03",2025-10-25,,"Department of Conservation and Recreation",137,,,"DCR 2025",60,"Schichtel's Nursery",12059,,,,42.37465000,-71.05790000
106313,"Peace Park 12 Charlestown",Tree,"Park tree planted","Snow Goose Cherry (Prunus 'Snow Goose')","2026-05-05 15:25:03",2025-10-25,,"Department of Conservation and Recreation",137,,,"DCR 2025",60,,,,,,42.37467000,-71.05790000
106306,"Peace Park 7 Charlestown",Tree,"Park tree planted","Shadblow Serviceberry (Amelanchier Canadensis)","2026-05-05 15:25:02",2025-10-25,,"Department of Conservation and Recreation",137,,,"DCR 2025",60,,,,,,42.37480000,-71.05760000
106307,"Peace Park 2 Charlestown",Tree,"Park tree planted","Shadblow Serviceberry (Amelanchier Canadensis)","2026-05-05 15:25:02",2025-10-25,,"Department of Conservation and Recreation",137,,,"DCR 2025",60,"Schichtel's Nursery",12059,,,,42.37475000,-71.05780000
106308,"Peace Park 9 Charlestown",Tree,"Park tree planted","White Fringe Tree (Chionanthus virginicus)","2026-05-05 15:25:02",2025-10-25,,"Department of Conservation and Recreation",137,,,"DCR 2025",60,,,,,,42.37457000,-71.05790000
106309,"Peace Park 8 Charlestown",Tree,"Park tree planted","Red Maple (Acer rubrum)","2026-05-05 15:25:02",2025-10-25,,"Department of Conservation and Recreation",137,,,"DCR 2025",60,,,,,,42.37459000,-71.05780000
106303,"Peace Park 4 Charlestown",Tree,"Park tree planted","Burr Oak (Quercus macrocarpa)","2026-05-05 15:25:01",2025-10-25,,"Department of Conservation and Recreation",137,,,"DCR 2025",60,"Schichtel's Nursery",12059,,,,42.37473000,-71.05770000
106304,"Peace Park 6 Charlestown",Tree,"Park tree planted","Forest Pansy Eastern Redbud (Cercis canadensis 'Forest Pansy')","2026-05-05 15:25:01",2025-10-25,,"Department of Conservation and Recreation",137,,,"DCR 2025",60,,,,,,42.37459000,-71.05800000
106305,"Peace Park 11 Charlestown",Tree,"Park tree planted","Red Maple (Acer rubrum)","2026-05-05 15:25:01",2025-10-25,,"Department of Conservation and Recreation",137,,,"DCR 2025",60,,,,,,42.37457000,-71.05790000
106299,"Mount Hope 5 Roslindale",Tree,"Park tree planted","Red Maple (Acer rubrum)","2026-05-05 15:25:00",2025-10-23,,"Arbor Day Foundation",40,"TD Bank",6607,"TD Tree Days Arborday 2025",50,"Weston Nurseries",9542,1806135000,97586,,42.28279000,-71.10980000
106300,"Mount Hope 6 Roslindale",Tree,"Park tree planted","Red Maple (Acer rubrum)","2026-05-05 15:25:00",2025-10-23,,"Arbor Day Foundation",40,"TD Bank",6607,"TD Tree Days Arborday 2025",50,"Bigelow Nurseries",8699,1806135000,97586,,42.28288000,-71.10980000
106301,"Mount Hope 7 Roslindale",Tree,"Park tree planted","Honey Locust (Gleditsia triacanthos)","2026-05-05 15:25:00",2025-10-23,,"Arbor Day Foundation",40,"TD Bank",6607,"TD Tree Days Arborday 2025",50,"Bigelow Nurseries",8699,1806135000,97586,,42.28208000,-71.10930000
106302,"Peace Park 10 Charlestown",Tree,"Park tree planted","Honey Locust (Gleditsia triacanthos)","2026-05-05 15:25:00",2025-10-25,,"Department of Conservation and Recreation",137,,,"DCR 2025",60,,,,,,42.37479000,-71.05760000
106295,"Mount Hope 25 Roslindale",Tree,"Park tree planted","Honey Locust (Gleditsia triacanthos)","2026-05-05 15:24:59",2025-10-23,,"Arbor Day Foundation",40,"TD Bank",6607,"TD Tree Days Arborday 2025",50,,,1806135000,97586,,42.28238000,-71.10970000
106296,"Mount Hope 26 Roslindale",Tree,"Park tree planted","Princeton Sentry Elm (Ulmus americana 'Princeton')","2026-05-05 15:24:59",2025-10-23,,"Arbor Day Foundation",40,"TD Bank",6607,"TD Tree Days Arborday 2025",50,"Bigelow Nurseries",8699,1806135000,97586,,42.28209000,-71.10950000
106297,"Mount Hope 3 Roslindale",Tree,"Park tree planted","Red Maple (Acer rubrum)","2026-05-05 15:24:59",2025-10-23,,"Arbor Day Foundation",40,"TD Bank",6607,"TD Tree Days Arborday 2025",50,"Weston Nurseries",9542,1806135000,97586,,42.28264000,-71.10990000
106298,"Mount Hope 4 Roslindale",Tree,"Park tree planted","Red Maple (Acer rubrum)","2026-05-05 15:24:59",2025-10-23,,"Arbor Day Foundation",40,"TD Bank",6607,"TD Tree Days Arborday 2025",50,"Cavvichio Greenhouses Inc.",9595,1806135000,97586,,42.28265000,-71.10970000
106291,"Mount Hope 21 Roslindale",Tree,"Park tree planted","Valley Forge Elm ( Ulmus americana 'Valley Forge')","2026-05-05 15:24:58",2025-10-23,,"Arbor Day Foundation",40,"TD Bank",6607,"TD Tree Days Arborday 2025",50,,,1806135000,97586,,42.28216000,-71.10950000
106292,"Mount Hope 22 Roslindale",Tree,"Park tree planted","Honey Locust (Gleditsia triacanthos)","2026-05-05 15:24:58",2025-10-23,,"Arbor Day Foundation",40,"TD Bank",6607,"TD Tree Days Arborday 2025",50,,,1806135000,97586,,42.28225000,-71.10940000
106293,"Mount Hope 23 Roslindale",Tree,"Park tree planted","Valley Forge Elm ( Ulmus americana 'Valley Forge')","2026-05-05 15:24:58",2025-10-23,,"Arbor Day Foundation",40,"TD Bank",6607,"TD Tree Days Arborday 2025",50,"Bigelow Nurseries",8699,1806135000,97586,,42.28226000,-71.10960000
106294,"Mount Hope 24 Roslindale",Tree,"Park tree planted","Honey Locust (Gleditsia triacanthos)","2026-05-05 15:24:58",2025-10-23,,"Arbor Day Foundation",40,"TD Bank",6607,"TD Tree Days Arborday 2025",50,,,1806135000,97586,,42.28230000,-71.10950000
106287,"Finnegan 2 Dorchester",Tree,"Park tree planted","Sweetgum (Liquidambar styraciflua)","2026-05-05 15:24:57",2025-10-16,,"Department of Conservation and Recreation",137,,,"DCR 2025",60,"Shrubs and Trees Inc",12061,1602596000,107270,,42.28866000,-71.03840000
106288,"Mount Hope 1 Roslindale",Tree,"Park tree planted","Valley Forge Elm ( Ulmus americana 'Valley Forge')","2026-05-05 15:24:57",2025-10-23,,"Arbor Day Foundation",40,"TD Bank",6607,"TD Tree Days Arborday 2025",50,"Weston Nurseries",9542,1806135000,97586,,42.28201000,-71.10940000
106289,"Mount Hope 18 Roslindale",Tree,"Park tree planted","Honey Locust (Gleditsia triacanthos)","2026-05-05 15:24:57",2025-10-23,,"Arbor Day Foundation",40,"TD Bank",6607,"TD Tree Days Arborday 2025",50,,,1806135000,97586,,42.28210000,-71.10940000
106290,"Mount Hope 2 Roslindale",Tree,"Park tree planted","Red Maple (Acer rubrum)","2026-05-05 15:24:57",2025-10-23,,"Arbor Day Foundation",40,"TD Bank",6607,"TD Tree Days Arborday 2025",50,"Weston Nurseries",9542,1806135000,97586,,42.28247000,-71.10960000
106283,"Finnegan 5 Dorchester",Tree,"Park tree planted","Pin Oak (Quercus Palustris)","2026-05-05 15:24:56",2025-10-16,,"Department of Conservation and Recreation",137,,,"DCR 2025",60,"Shrubs and Trees Inc",12061,1602596000,107270,,42.28800000,-71.03790000
106284,"Finnegan 4 Dorchester",Tree,"Park tree planted","Sweetgum (Liquidambar styraciflua)","2026-05-05 15:24:56",2025-10-16,,"Department of Conservation and Recreation",137,,,"DCR 2025",60,"Shrubs and Trees Inc",12061,1602596000,107270,,42.28850000,-71.03840000
106285,"Finnegan 3 Dorchester",Tree,"Park tree planted","Tulip Poplar (Liriodendron tulipifera)","2026-05-05 15:24:56",2025-10-16,,"Department of Conservation and Recreation",137,,,"DCR 2025",60,"Shrubs and Trees Inc",12061,1602596000,107270,,42.28861000,-71.03840000
106286,"Finnegan 10 Dorchester",Tree,"Park tree planted","Pin Oak (Quercus Palustris)","2026-05-05 15:24:56",2025-10-16,,"Department of Conservation and Recreation",137,,,"DCR 2025",60,"Shrubs and Trees Inc",12061,1602596000,107270,,42.28863000,-71.03830000
106279,"Finnegan 8 Dorchester",Tree,"Park tree planted","Pin Oak (Quercus Palustris)","2026-05-05 15:24:55",2025-10-16,,"Department of Conservation and Recreation",137,,,"DCR 2025",60,"Shrubs and Trees Inc",12061,1602596000,107270,,42.28750000,-71.03830000
106280,"Finnegan 1 Dorchester",Tree,"Park tree planted","Pin Oak (Quercus Palustris)","2026-05-05 15:24:55",2025-10-16,,"Department of Conservation and Recreation",137,,,"DCR 2025",60,"Shrubs and Trees Inc",12061,1602596000,107270,,42.28772000,-71.03950000
106281,"Finnegan 7 Dorchester",Tree,"Park tree planted","Pin Oak (Quercus Palustris)","2026-05-05 15:24:55",2025-10-16,,"Department of Conservation and Recreation",137,,,"DCR 2025",60,"Shrubs and Trees Inc",12061,1602596000,107270,,42.28787000,-71.03790000
106282,"Finnegan 6 Dorchester",Tree,"Park tree planted","Sweetgum (Liquidambar styraciflua)","2026-05-05 15:24:55",2025-10-16,,"Department of Conservation and Recreation",137,,,"DCR 2025",60,"Shrubs and Trees Inc",12061,1602596000,107270,,42.28794000,-71.03780000
106277,"Harambee 56 Dorchester",Tree,"Park tree planted","Pin Oak (Quercus Palustris)","2026-05-05 15:24:54",2025-10-07,,"Department of Conservation and Recreation",137,,,"DCR 2025",60,"Shrubs and Trees Inc",12061,1402863000,46867,,42.29191000,-71.08610000
106278,"Finnegan 9 Dorchester",Tree,"Park tree planted","Tulip Poplar (Liriodendron tulipifera)","2026-05-05 15:24:54",2025-10-16,,"Department of Conservation and Recreation",137,,,"DCR 2025",60,"Shrubs and Trees Inc",12061,1602596000,107270,,42.28749000,-71.03810000
106276,"Harambee 55 Dorchester",Tree,"Park tree planted","Pin Oak (Quercus Palustris)","2026-05-05 15:24:53",2025-10-07,,"Department of Conservation and Recreation",137,,,"DCR 2025",60,"Shrubs and Trees Inc",12061,1402863000,46867,,42.29186000,-71.08610000
106272,"Harambee 51 Dorchester",Tree,"Park tree planted","London planetree (Platanus x acerifolia)","2026-05-05 15:24:52",2025-10-07,,"Department of Conservation and Recreation",137,,,"DCR 2025",60,"Bigelow Nurseries",8699,1402863000,46867,,42.29214000,-71.08620000
106273,"Harambee 52 Dorchester",Tree,"Park tree planted","London planetree (Platanus x acerifolia)","2026-05-05 15:24:52",2025-10-07,,"Department of Conservation and Recreation",137,,,"DCR 2025",60,"Shrubs and Trees Inc",12061,1402863000,46867,,42.29221000,-71.08620000
106274,"Harambee 53 Dorchester",Tree,"Park tree planted","London planetree (Platanus x acerifolia)","2026-05-05 15:24:52",2025-10-07,,"Department of Conservation and Recreation",137,,,"DCR 2025",60,"Shrubs and Trees Inc",12061,1402863000,46867,,42.29225000,-71.08620000
106275,"Harambee 54 Dorchester",Tree,"Park tree planted","Pin Oak (Quercus Palustris)","2026-05-05 15:24:52",2025-10-07,,"Department of Conservation and Recreation",137,,,"DCR 2025",60,"Shrubs and Trees Inc",12061,1402863000,46867,,42.29162000,-71.08610000
106268,"Harambee 47 Dorchester",Tree,"Park tree planted","London planetree (Platanus x acerifolia)","2026-05-05 15:24:51",2025-10-07,,"Department of Conservation and Recreation",137,,,"DCR 2025",60,"Bigelow Nurseries",8699,1402863000,46867,,42.29194000,-71.08610000
106269,"Harambee 48 Dorchester",Tree,"Park tree planted","London planetree (Platanus x acerifolia)","2026-05-05 15:24:51",2025-10-07,,"Department of Conservation and Recreation",137,,,"DCR 2025",60,"Bigelow Nurseries",8699,1402863000,46867,,42.29200000,-71.08620000
106270,"Harambee 49 Dorchester",Tree,"Park tree planted","London planetree (Platanus x acerifolia)","2026-05-05 15:24:51",2025-10-07,,"Department of Conservation and Recreation",137,,,"DCR 2025",60,"Bigelow Nurseries",8699,1402863000,46867,,42.29204000,-71.08610000
106271,"Harambee 50 Dorchester",Tree,"Park tree planted","London planetree (Platanus x acerifolia)","2026-05-05 15:24:51",2025-10-07,,"Department of Conservation and Recreation",137,,,"DCR 2025",60,"Bigelow Nurseries",8699,1402863000,46867,,42.29196000,-71.08620000
106264,"FCR 10 Roxbury",Tree,"Park tree planted","American Hornbeam (Carpinus caroliniana)","2026-05-05 15:24:50",2025-10-04,,"Department of Conservation and Recreation",137,,,"DCR 2025",60,"Bigelow Nurseries",8699,0903294000,52280,,42.32981000,-71.09040000
106265,"FCR 9 Roxbury",Tree,"Park tree planted","Winter King Hawthorn (Crataegus viridis 'Winter King')","2026-05-05 15:24:50",2025-10-04,,"Department of Conservation and Recreation",137,,,"DCR 2025",60,"Bigelow Nurseries",8699,0903294000,52280,,42.32989000,-71.09000000
106266,"FCR 11 Roxbury",Tree,"Park tree planted","Tulip Poplar (Liriodendron tulipifera)","2026-05-05 15:24:50",2025-10-04,,"Department of Conservation and Recreation",137,,,"DCR 2025",60,"Bigelow Nurseries",8699,0903294000,52280,,42.32996000,-71.09050000
106267,"FCR 13 Roxbury",Tree,"Park tree planted","Tulip Poplar (Liriodendron tulipifera)","2026-05-05 15:24:50",2025-10-04,,"Department of Conservation and Recreation",137,,,"DCR 2025",60,"Bigelow Nurseries",8699,0903294000,52280,,42.33011000,-71.09040000
106260,"FCR 7 Roxbury",Tree,"Park tree planted","Sweetgum (Liquidambar styraciflua)","2026-05-05 15:24:49",2025-10-04,,"Department of Conservation and Recreation",137,,,"DCR 2025",60,,,0903294000,52280,,42.32969000,-71.08960000
106261,"FCR 8 Roxbury",Tree,"Park tree planted","Ginkgo (Ginkgo biloba)","2026-05-05 15:24:49",2025-10-04,,"Department of Conservation and Recreation",137,,,"DCR 2025",60,,,0903294000,52280,,42.32969000,-71.08970000
106262,"FCR 4 Roxbury",Tree,"Park tree planted","Sweetgum (Liquidambar styraciflua)","2026-05-05 15:24:49",2025-10-04,,"Department of Conservation and Recreation",137,,,"DCR 2025",60,"Shrubs and Trees Inc",12061,0903294000,52280,,42.32971000,-71.08930000
106263,"FCR 6 Roxbury",Tree,"Park tree planted","Ginkgo (Ginkgo biloba)","2026-05-05 15:24:49",2025-10-04,,"Department of Conservation and Recreation",137,,,"DCR 2025",60,,,0903294000,52280,,42.32971000,-71.08950000
106256,"Ronan 2 Dorchester",Tree,"Park tree planted","Eastern Redbud (Cercis canadensis)","2026-05-05 15:24:48",2025-05-30,,"Boston Planning & Development Agency",81,,,"Dot Block 2023",61,"Schichtel's Nursery",12059,1501590000,86403,,42.30458000,-71.06180000
106257,"Ronan 4 Dorchester",Tree,"Park tree planted","Moonglow Magnolia (Magnolia Virginiana)","2026-05-05 15:24:48",2025-05-30,,"Boston Planning & Development Agency",81,,,"Dot Block 2023",61,"Schichtel's Nursery",12059,1501590000,86403,,42.30461000,-71.06200000
106258,"FCR 12 Roxbury",Tree,"Park tree planted","Pin Oak (Quercus Palustris)","2026-05-05 15:24:48",2025-10-04,,"Department of Conservation and Recreation",137,,,"DCR 2025",60,"Bigelow Nurseries",8699,0903294000,52280,,42.32963000,-71.08980000
106259,"FCR 5 Roxbury",Tree,"Park tree planted","Ginkgo (Ginkgo biloba)","2026-05-05 15:24:48",2025-10-04,,"Department of Conservation and Recreation",137,,,"DCR 2025",60,"Shrubs and Trees Inc",12061,0903294000,52280,,42.32963000,-71.08940000
106252,"King 5 Dorchester",Tree,"Park tree planted","Sourwood (Oxydendrum arboreum)","2026-05-05 15:24:47",2025-05-27,,"Department of Conservation and Recreation",137,,,"DCR 2025",60,"Weston Nurseries",9542,1400313000,99188,,42.31072000,-71.07690000
106253,"King 7 Dorchester",Tree,"Park tree planted","Sugar Maple (Acer saccharum)","2026-05-05 15:24:47",2025-05-27,,"Department of Conservation and Recreation",137,,,"DCR 2025",60,"Weston Nurseries",9542,1400313000,99188,,42.31155000,-71.07630000
106254,"Ronan 1 Dorchester",Tree,"Park tree planted","Sweetgum (Liquidambar styraciflua)","2026-05-05 15:24:47",2025-05-30,,"Boston Planning & Development Agency",81,,,"Dot Block 2023",61,"Schichtel's Nursery",12059,1501590000,86403,,42.30373000,-71.06140000
106255,"Ronan 3 Dorchester",Tree,"Park tree planted","Sweetgum (Liquidambar styraciflua)","2026-05-05 15:24:47",2025-05-30,,"Boston Planning & Development Agency",81,,,"Dot Block 2023",61,"Schichtel's Nursery",12059,1501590000,86403,,42.30453000,-71.06180000
106248,"King 3 Dorchester",Tree,"Park tree planted","Shadblow Serviceberry (Amelanchier Canadensis)","2026-05-05 15:24:46",2025-05-27,,"Department of Conservation and Recreation",137,,,"DCR 2025",60,"Cavvichio Greenhouses Inc.",9595,1400313000,99188,,42.31134000,-71.07580000
106249,"King 4 Dorchester",Tree,"Park tree planted","White Pine (Abies concolor)","2026-05-05 15:24:46",2025-05-27,,"Department of Conservation and Recreation",137,,,"DCR 2025",60,"Cavvichio Greenhouses Inc.",9595,1400313000,99188,,42.31124000,-71.07570000
106250,"King 1 Dorchester",Tree,"Park tree planted","Shadblow Serviceberry (Amelanchier Canadensis)","2026-05-05 15:24:46",2025-05-27,,"Department of Conservation and Recreation",137,,,"DCR 2025",60,"Cavvichio Greenhouses Inc.",9595,1400313000,99188,,42.31126000,-71.07580000
106251,"King 2 Dorchester",Tree,"Park tree planted","Shadblow Serviceberry (Amelanchier Canadensis)","2026-05-05 15:24:46",2025-05-27,,"Department of Conservation and Recreation",137,,,"DCR 2025",60,"Cavvichio Greenhouses Inc.",9595,1400313000,99188,,42.31137000,-71.07580000
106245,"Higginson 6 Roxbury",Tree,"Park tree planted","Eastern Red Cedar (Juniperus virginiana)","2026-05-05 15:24:45",2025-05-08,,"Department of Conservation and Recreation",137,,,"DCR 2025",60,"Cavvichio Greenhouses Inc.",9595,1201737000,40416,,42.32087000,-71.08600000
106246,"Higginson 5 Roxbury",Tree,"Park tree planted","Eastern Red Cedar (Juniperus virginiana)","2026-05-05 15:24:45",2025-05-08,,"Department of Conservation and Recreation",137,,,"DCR 2025",60,"Weston Nurseries",9542,1201737000,40416,,42.32086000,-71.08610000
106247,"King 6 Dorchester",Tree,"Park tree planted","Shadblow Serviceberry (Amelanchier Canadensis)","2026-05-05 15:24:45",2025-05-27,,"Department of Conservation and Recreation",137,,,"DCR 2025",60,"Weston Nurseries",9542,1400313000,99188,,42.31129000,-71.07600000
106241,"Higginson 4 Roxbury",Tree,"Park tree planted","Flowering Dogwood (Cornus florida)","2026-05-05 15:24:44",2025-05-08,,"Department of Conservation and Recreation",137,,,"DCR 2025",60,"Weston Nurseries",9542,1201737000,40416,,42.32118000,-71.08630000
106242,"Higginson 3 Roxbury",Tree,"Park tree planted","Eastern Red Cedar (Juniperus virginiana)","2026-05-05 15:24:44",2025-05-08,,"Department of Conservation and Recreation",137,,,"DCR 2025",60,"Weston Nurseries",9542,1201737000,40416,,42.32099000,-71.08590000
106243,"Higginson 1 Roxbury",Tree,"Park tree planted","Eastern Red Cedar (Juniperus virginiana)","2026-05-05 15:24:44",2025-05-08,,"Department of Conservation and Recreation",137,,,"DCR 2025",60,"Weston Nurseries",9542,1201737000,40416,,42.32098000,-71.08590000
106244,"Higginson 2 Roxbury",Tree,"Park tree planted","Eastern Red Cedar (Juniperus virginiana)","2026-05-05 15:24:44",2025-05-08,,"Department of Conservation and Recreation",137,,,"DCR 2025",60,"Weston Nurseries",9542,1201737000,40416,,42.32097000,-71.08600000
106240,"Higginson 9 Roxbury",Tree,"Park tree planted","Flowering Dogwood (Cornus florida)","2026-05-05 15:24:43",2025-05-08,,"Department of Conservation and Recreation",137,,,"DCR 2025",60,"Cavvichio Greenhouses Inc.",9595,1201737000,40416,,42.32112000,-71.08620000
106237,"Higginson 10 Roxbury",Tree,"Park tree planted","Shadblow Serviceberry (Amelanchier Canadensis)","2026-05-05 15:24:43",2025-05-08,,"Department of Conservation and Recreation",137,,,"DCR 2025",60,"Weston Nurseries",9542,1201737000,40416,,42.32045000,-71.08730000
106238,"Higginson 7 Roxbury",Tree,"Park tree planted","Shadblow Serviceberry (Amelanchier Canadensis)","2026-05-05 15:24:43",2025-05-08,,"Department of Conservation and Recreation",137,,,"DCR 2025",60,"Weston Nurseries",9542,1201737000,40416,,42.32032000,-71.08730000
106239,"Higginson 8 Roxbury",Tree,"Park tree planted","Flowering Dogwood (Cornus florida)","2026-05-05 15:24:43",2025-05-08,,"Department of Conservation and Recreation",137,,,"DCR 2025",60,"Cavvichio Greenhouses Inc.",9595,1201737000,40416,,42.32106000,-71.08620000
106233,"Chevrus 3 East Boston",Tree,"Park tree planted","Downy Serviceberry (Amelanchier arborea)","2026-05-05 15:24:42",2025-05-04,,"Temple Ohabei Shalom",4205,,,"Temple Ohabei Shalom Planting",41,,,0100728000,67959,,42.38356000,-71.02080000
106234,"Chevrus 1 East Boston",Tree,"Park tree planted","Paperbark Maple (Acer griseum)","2026-05-05 15:24:42",2025-05-04,,"Temple Ohabei Shalom",4205,,,"Temple Ohabei Shalom Planting",41,,,0100728000,67959,,42.38370000,-71.02070000
106235,"Chevrus 2 East Boston",Tree,"Park tree planted","Paperbark Maple (Acer griseum)","2026-05-05 15:24:42",2025-05-04,,"Temple Ohabei Shalom",4205,,,"Temple Ohabei Shalom Planting",41,,,0100728000,67959,,42.38373000,-71.02070000
106236,"Higginson 11 Roxbury",Tree,"Park tree planted","Shadblow Serviceberry (Amelanchier Canadensis)","2026-05-05 15:24:42",2025-05-08,,"Department of Conservation and Recreation",137,,,"DCR 2025",60,"Weston Nurseries",9542,1201737000,40416,,42.32047000,-71.08730000
106229,"Chevrus 7 East Boston",Tree,"Park tree planted","Crabapple (Malus sylvestris)","2026-05-05 15:24:41",2025-05-04,,"Temple Ohabei Shalom",4205,,,"Temple Ohabei Shalom Planting",41,"Weston Nurseries",9542,0100728000,67959,,42.38330000,-71.02100000
106230,"Chevrus 4 East Boston",Tree,"Park tree planted","Downy Serviceberry (Amelanchier arborea)","2026-05-05 15:24:41",2025-05-04,,"Temple Ohabei Shalom",4205,,,"Temple Ohabei Shalom Planting",41,,,0100728000,67959,,42.38337000,-71.02090000
106231,"Chevrus 5 East Boston",Tree,"Park tree planted","Downy Serviceberry (Amelanchier arborea)","2026-05-05 15:24:41",2025-05-04,,"Temple Ohabei Shalom",4205,,,"Temple Ohabei Shalom Planting",41,,,0100728000,67959,,42.38337000,-71.02070000
106232,"Chevrus 6 East Boston",Tree,"Park tree planted","Kousa Dogwood (Cornus kousa)","2026-05-05 15:24:41",2025-05-04,,"Temple Ohabei Shalom",4205,,,"Temple Ohabei Shalom Planting",41,"Weston Nurseries",9542,0100728000,67959,,42.38338000,-71.02090000
106227,"Chevrus 9 East Boston",Tree,"Park tree planted","Downy Serviceberry (Amelanchier arborea)","2026-05-05 15:24:40",2025-05-04,,"Temple Ohabei Shalom",4205,,,"Temple Ohabei Shalom Planting",41,"Weston Nurseries",9542,0100728000,67959,,42.38323000,-71.02100000
106228,"Chevrus 8 East Boston",Tree,"Park tree planted","Forest Pansy Eastern Redbud (Cercis canadensis 'Forest Pansy')","2026-05-05 15:24:40",2025-05-04,,"Temple Ohabei Shalom",4205,,,"Temple Ohabei Shalom Planting",41,,,0100728000,67959,,42.38325000,-71.02090000
106226,"Ross 9 Hyde Park",Tree,"Park tree planted","Sweetgum (Liquidambar styraciflua)","2026-05-05 15:24:39",2025-04-11,,"Department of Conservation and Recreation",137,,,"DCR 2025",60,"Bigelow Nurseries",8699,1807056000,34093,,42.26423000,-71.11400000
106222,"Ross 21 Hyde Park",Tree,"Park tree planted","Red Oak (Quercus rubra)","2026-05-05 15:24:38",2025-04-11,,"Department of Conservation and Recreation",137,,,"DCR 2025",60,"Bigelow Nurseries",8699,1807056000,34093,,42.26476000,-71.11280000
106223,"Ross 3 Hyde Park",Tree,"Park tree planted","Sweetgum (Liquidambar styraciflua)","2026-05-05 15:24:38",2025-04-11,,"Department of Conservation and Recreation",137,,,"DCR 2025",60,"Bigelow Nurseries",8699,1807056000,34093,,42.26516000,-71.11330000
106224,"Ross 4 Hyde Park",Tree,"Park tree planted","London planetree (Platanus x acerifolia)","2026-05-05 15:24:38",2025-04-11,,"Department of Conservation and Recreation",137,,,"DCR 2025",60,"Bigelow Nurseries",8699,1807056000,34093,,42.26518000,-71.11330000
106225,"Ross 8 Hyde Park",Tree,"Park tree planted","Sugar Maple (Acer saccharum)","2026-05-05 15:24:38",2025-04-11,,"Department of Conservation and Recreation",137,,,"DCR 2025",60,"Bigelow Nurseries",8699,1807056000,34093,,42.26417000,-71.11390000
106218,"Ross 11 Hyde Park",Tree,"Park tree planted","Black Tupelo (Nyssa sylvatica)","2026-05-05 15:24:37",2025-04-11,,"Department of Conservation and Recreation",137,,,"DCR 2025",60,"Bigelow Nurseries",8699,1807056000,34093,,42.26488000,-71.11380000
106219,"Ross 14 Hyde Park",Tree,"Park tree planted","American Hornbeam (Carpinus caroliniana)","2026-05-05 15:24:37",2025-04-11,,"Department of Conservation and Recreation",137,,,"DCR 2025",60,"Bigelow Nurseries",8699,1807056000,34093,,42.26491000,-71.11430000
106220,"Ross 17 Hyde Park",Tree,"Park tree planted","Sugar Maple (Acer saccharum)","2026-05-05 15:24:37",2025-04-11,,"Department of Conservation and Recreation",137,,,"DCR 2025",60,"Bigelow Nurseries",8699,1807056000,34093,,42.26407000,-71.11400000
106221,"Ross 2 Hyde Park",Tree,"Park tree planted","Red Oak (Quercus rubra)","2026-05-05 15:24:37",2025-04-11,,"Department of Conservation and Recreation",137,,,"DCR 2025",60,"Bigelow Nurseries",8699,1807056000,34093,,42.26397000,-71.11390000
106214,"Ronan 10 Dorchester",Tree,"Park tree planted","Kousa Dogwood (Cornus kousa)","2026-05-05 15:24:36",2024-11-16,,"Boston Planning & Development Agency",81,,,"Dot Block 2023",61,"Bigelow Nurseries",8699,1501590000,86403,,42.30421000,-71.06140000
106215,"Ronan 8 Dorchester",Tree,"Park tree planted","Honey Locust (Gleditsia triacanthos)","2026-05-05 15:24:36",2024-11-16,,"Boston Planning & Development Agency",81,,,"Dot Block 2023",61,"Bigelow Nurseries",8699,1501590000,86403,,42.30441000,-71.06150000
106216,"Ronan 9 Dorchester",Tree,"Park tree planted","Sweetgum (Liquidambar styraciflua)","2026-05-05 15:24:36",2024-11-16,,"Boston Planning & Development Agency",81,,,"Dot Block 2023",61,"Bigelow Nurseries",8699,1501590000,86403,,42.30444000,-71.06160000
106217,"Ronan 5 Dorchester",Tree,"Park tree planted","Crabapple (Malus sylvestris)","2026-05-05 15:24:36",2024-11-16,,"Boston Planning & Development Agency",81,,,"Dot Block 2023",61,"Bigelow Nurseries",8699,1501590000,86403,,42.30478000,-71.06210000
106211,"Harambee 46 Dorchester",Tree,"Park tree planted","Red Maple (Acer rubrum)","2026-05-05 15:24:35",2023-11-14,,"Delta Air Lines",3342,,,"Delta 2023 Harambee and Umana",46,,,1402863000,46867,,42.29358000,-71.08733000
106212,"Ronan 6 Dorchester",Tree,"Park tree planted","Sweetgum (Liquidambar styraciflua)","2026-05-05 15:24:35",2024-11-16,,"Boston Planning & Development Agency",81,,,"Dot Block 2023",61,"Bigelow Nurseries",8699,1501590000,86403,,42.30381000,-71.06130000
106213,"Ronan 7 Dorchester",Tree,"Park tree planted","Honey Locust (Gleditsia triacanthos)","2026-05-05 15:24:35",2024-11-16,,"Boston Planning & Development Agency",81,,,"Dot Block 2023",61,"Bigelow Nurseries",8699,1501590000,86403,,42.30389000,-71.06130000
106207,"Harambee 42 Dorchester",Tree,"Park tree planted","Red Maple (Acer rubrum)","2026-05-05 15:24:34",2023-11-14,,"Delta Air Lines",3342,,,"Delta 2023 Harambee and Umana",46,,,1402863000,46867,,42.29315000,-71.08608000
106208,"Harambee 43 Dorchester",Tree,"Park tree planted","Red Maple (Acer rubrum)","2026-05-05 15:24:34",2023-11-14,,"Delta Air Lines",3342,,,"Delta 2023 Harambee and Umana",46,,,1402863000,46867,,42.29320000,-71.08612000
106209,"Harambee 44 Dorchester",Tree,"Park tree planted","Red Maple (Acer rubrum)","2026-05-05 15:24:34",2023-11-14,,"Delta Air Lines",3342,,,"Delta 2023 Harambee and Umana",46,,,1402863000,46867,,42.29333000,-71.08613000
106210,"Harambee 45 Dorchester",Tree,"Park tree planted","Red Maple (Acer rubrum)","2026-05-05 15:24:34",2023-11-14,,"Delta Air Lines",3342,,,"Delta 2023 Harambee and Umana",46,,,1402863000,46867,,42.29348000,-71.08746000
106203,"Sewall 2 Roxbury",Tree,"Park tree planted","Red Maple (Acer rubrum)","2026-05-05 15:24:33",2023-11-04,,"Massachusetts Audubon Society",9719,"Boston Tree Alliance",10379,"Tree Alliance Pilot 2023",62,"Shrubs and Trees Inc",12061,,,,42.33121000,-71.09790000
106204,"Sewall 3 Roxbury",Tree,"Park tree planted","Robin Hill Serviceberry (Amelanchier × grandiflora 'Robin Hill')","2026-05-05 15:24:33",2023-11-04,,"Massachusetts Audubon Society",9719,"Boston Tree Alliance",10379,"Tree Alliance Pilot 2023",62,"Shrubs and Trees Inc",12061,,,,42.33125000,-71.09780000
106205,"Harambee 40 Dorchester",Tree,"Park tree planted","Red Maple (Acer rubrum)","2026-05-05 15:24:33",2023-11-14,,"Delta Air Lines",3342,,,"Delta 2023 Harambee and Umana",46,,,1402863000,46867,,42.29314000,-71.08328000
106206,"Harambee 41 Dorchester",Tree,"Park tree planted","Red Maple (Acer rubrum)","2026-05-05 15:24:33",2023-11-14,,"Delta Air Lines",3342,,,"Delta 2023 Harambee and Umana",46,,,1402863000,46867,,42.29309000,-71.08606000
106199,"Mt Hope 15 Roslindale",Tree,"Park tree planted","Kentucky Coffeetree (Gymnocladus dioicius)","2026-05-05 15:24:32",2023-09-26,,"Arbor Day Foundation",40,DraftKings,105161,"DraftKings 2023",52,"Amherst Nurseries",3171,1806135000,97586,,42.27945000,-71.11240000
106200,"Mt Hope 7 Roslindale",Tree,"Park tree planted","Common hackberry (Celtis occidentalis)","2026-05-05 15:24:32",2023-09-26,,"Arbor Day Foundation",40,DraftKings,105161,"DraftKings 2023",52,"Amherst Nurseries",3171,1806135000,97586,,42.27946000,-71.11230000
106201,"Mt Hope 11 Roslindale",Tree,"Park tree planted","Pin Oak (Quercus Palustris)","2026-05-05 15:24:32",2023-09-26,,"Arbor Day Foundation",40,DraftKings,105161,"DraftKings 2023",52,"Amherst Nurseries",3171,1806135000,97586,,42.27954000,-71.11220000
106202,"Sewall 1 Roxbury",Tree,"Park tree planted","Winter King Hawthorn (Crataegus viridis 'Winter King')","2026-05-05 15:24:32",2023-11-04,,"Massachusetts Audubon Society",9719,"Boston Tree Alliance",10379,"Tree Alliance Pilot 2023",62,"Bigelow Nurseries",8699,,,,42.33117000,-71.09790000
106195,"Mt Hope 9 Roslindale",Tree,"Park tree planted","Red Maple (Acer rubrum)","2026-05-05 15:24:31",2023-09-26,,"Arbor Day Foundation",40,DraftKings,105161,"DraftKings 2023",52,"Amherst Nurseries",3171,1806135000,97586,,42.27989000,-71.11290000
106196,"Mt Hope 13 Roslindale",Tree,"Park tree planted","American Linden (Tilia americana)","2026-05-05 15:24:31",2023-09-26,,"Arbor Day Foundation",40,DraftKings,105161,"DraftKings 2023",52,"Amherst Nurseries",3171,1806135000,97586,,42.27968000,-71.11210000
106197,"Mt Hope 1 Roslindale",Tree,"Park tree planted","Honey Locust (Gleditsia triacanthos)","2026-05-05 15:24:31",2023-09-26,,"Arbor Day Foundation",40,DraftKings,105161,"DraftKings 2023",52,"Amherst Nurseries",3171,1806135000,97586,,42.27954000,-71.11230000
106198,"Mt Hope 3 Roslindale",Tree,"Park tree planted","Tulip Poplar (Liriodendron tulipifera)","2026-05-05 15:24:31",2023-09-26,,"Arbor Day Foundation",40,DraftKings,105161,"DraftKings 2023",52,"Amherst Nurseries",3171,1806135000,97586,,42.27943000,-71.11220000
106191,"Mt Hope 8 Roslindale",Tree,"Park tree planted","Honey Locust (Gleditsia triacanthos)","2026-05-05 15:24:30",2023-09-26,,"Arbor Day Foundation",40,DraftKings,105161,"DraftKings 2023",52,"Amherst Nurseries",3171,1806135000,97586,,42.28009000,-71.11290000
106192,"Mt Hope 12 Roslindale",Tree,"Park tree planted","Moonglow Magnolia (Magnolia Virginiana)","2026-05-05 15:24:30",2023-09-26,,"Arbor Day Foundation",40,DraftKings,105161,"DraftKings 2023",52,"Amherst Nurseries",3171,1806135000,97586,,42.27967000,-71.11230000
106193,"Mt Hope 16 Roslindale",Tree,"Park tree planted","Common hackberry (Celtis occidentalis)","2026-05-05 15:24:30",2023-09-26,,"Arbor Day Foundation",40,DraftKings,105161,"DraftKings 2023",52,"Amherst Nurseries",3171,1806135000,97586,,42.27993000,-71.11210000
106194,"Mt Hope 5 Roslindale",Tree,"Park tree planted","Sweetgum (Liquidambar styraciflua)","2026-05-05 15:24:30",2023-09-26,,"Arbor Day Foundation",40,DraftKings,105161,"DraftKings 2023",52,"Amherst Nurseries",3171,1806135000,97586,,42.27982000,-71.11210000
106188,"Mt Hope 6 Roslindale",Tree,"Park tree planted","Galaxy Magnolia (Magnolia 'Galaxy')","2026-05-05 15:24:29",2023-09-26,,"Arbor Day Foundation",40,DraftKings,105161,"DraftKings 2023",52,"Amherst Nurseries",3171,1806135000,97586,,42.28013000,-71.11210000
106189,"Mt Hope 2 Roslindale",Tree,"Park tree planted","Tulip Poplar (Liriodendron tulipifera)","2026-05-05 15:24:29",2023-09-26,,"Arbor Day Foundation",40,DraftKings,105161,"DraftKings 2023",52,"Amherst Nurseries",3171,1806135000,97586,,42.28006000,-71.11230000
106190,"Mt Hope 4 Roslindale",Tree,"Park tree planted","Pin Oak (Quercus Palustris)","2026-05-05 15:24:29",2023-09-26,,"Arbor Day Foundation",40,DraftKings,105161,"DraftKings 2023",52,"Amherst Nurseries",3171,1806135000,97586,,42.28007000,-71.11220000
106185,"Mt Hope 14 Roslindale",Tree,"Park tree planted","Kentucky Coffeetree (Gymnocladus dioicius)","2026-05-05 15:24:28",2023-09-26,,"Arbor Day Foundation",40,DraftKings,105161,"DraftKings 2023",52,"Amherst Nurseries",3171,1806135000,97586,,42.28005000,-71.11300000
106186,"Mt Hope 17 Roslindale",Tree,"Park tree planted","Red Maple (Acer rubrum)","2026-05-05 15:24:28",2023-09-26,,"Arbor Day Foundation",40,DraftKings,105161,"DraftKings 2023",52,"Amherst Nurseries",3171,1806135000,97586,,42.28019000,-71.11290000
106187,"Mt Hope 10 Roslindale",Tree,"Park tree planted","American Linden (Tilia americana)","2026-05-05 15:24:28",2023-09-26,,"Arbor Day Foundation",40,DraftKings,105161,"DraftKings 2023",52,"Amherst Nurseries",3171,1806135000,97586,,42.28013000,-71.11270000
106181,"Mount Hope 42 Roslindale",Tree,"Park tree planted","Kentucky Coffeetree (Gymnocladus dioicius)","2026-05-05 15:24:27",2023-09-26,,"Arbor Day Foundation",40,DraftKings,105161,"DraftKings 2023",52,"Amherst Nurseries",3171,1806135000,97586,,42.27945000,-71.11240000
106182,"Mount Hope 43 Roslindale",Tree,"Park tree planted","Common hackberry (Celtis occidentalis)","2026-05-05 15:24:27",2023-09-26,,"Arbor Day Foundation",40,DraftKings,105161,"DraftKings 2023",52,"Amherst Nurseries",3171,1806135000,97586,,42.27946000,-71.11230000
106183,"Mount Hope 44 Roslindale",Tree,"Park tree planted","Pin Oak (Quercus Palustris)","2026-05-05 15:24:27",2023-09-26,,"Arbor Day Foundation",40,DraftKings,105161,"DraftKings 2023",52,"Amherst Nurseries",3171,1806135000,97586,,42.27954000,-71.11220000
106184,"Mt Hope 18 Roslindale",Tree,"Park tree planted","Sweetgum (Liquidambar styraciflua)","2026-05-05 15:24:27",2023-09-26,,"Arbor Day Foundation",40,DraftKings,105161,"DraftKings 2023",52,"Amherst Nurseries",3171,1806135000,97586,,42.28034000,-71.11240000
106178,"Mount Hope 39 Roslindale",Tree,"Park tree planted","American Linden (Tilia americana)","2026-05-05 15:24:26",2023-09-26,,"Arbor Day Foundation",40,DraftKings,105161,"DraftKings 2023",52,"Amherst Nurseries",3171,1806135000,97586,,42.27968000,-71.11210000
106179,"Mount Hope 40 Roslindale",Tree,"Park tree planted","Honey Locust (Gleditsia triacanthos)","2026-05-05 15:24:26",2023-09-26,,"Arbor Day Foundation",40,DraftKings,105161,"DraftKings 2023",52,"Amherst Nurseries",3171,1806135000,97586,,42.27954000,-71.11230000
106180,"Mount Hope 41 Roslindale",Tree,"Park tree planted","Tulip Poplar (Liriodendron tulipifera)","2026-05-05 15:24:26",2023-09-26,,"Arbor Day Foundation",40,DraftKings,105161,"DraftKings 2023",52,"Amherst Nurseries",3171,1806135000,97586,,42.27943000,-71.11220000
106177,"Mount Hope 38 Roslindale",Tree,"Park tree planted","Red Maple (Acer rubrum)","2026-05-05 15:24:25",2023-09-26,,"Arbor Day Foundation",40,DraftKings,105161,"DraftKings 2023",52,"Amherst Nurseries",3171,1806135000,97586,,42.27989000,-71.11290000
106174,"Mount Hope 35 Roslindale",Tree,"Park tree planted","Moonglow Magnolia (Magnolia Virginiana)","2026-05-05 15:24:24",2023-09-26,,"Arbor Day Foundation",40,DraftKings,105161,"DraftKings 2023",52,"Amherst Nurseries",3171,1806135000,97586,,42.27967000,-71.11230000
106175,"Mount Hope 36 Roslindale",Tree,"Park tree planted","Common hackberry (Celtis occidentalis)","2026-05-05 15:24:24",2023-09-26,,"Arbor Day Foundation",40,DraftKings,105161,"DraftKings 2023",52,"Amherst Nurseries",3171,1806135000,97586,,42.27993000,-71.11210000
106176,"Mount Hope 37 Roslindale",Tree,"Park tree planted","Sweetgum (Liquidambar styraciflua)","2026-05-05 15:24:24",2023-09-26,,"Arbor Day Foundation",40,DraftKings,105161,"DraftKings 2023",52,"Amherst Nurseries",3171,1806135000,97586,,42.27982000,-71.11210000
106171,"Mount Hope 32 Roslindale",Tree,"Park tree planted","Tulip Poplar (Liriodendron tulipifera)","2026-05-05 15:24:23",2023-09-26,,"Arbor Day Foundation",40,DraftKings,105161,"DraftKings 2023",52,"Amherst Nurseries",3171,1806135000,97586,,42.28006000,-71.11230000
106172,"Mount Hope 33 Roslindale",Tree,"Park tree planted","Pin Oak (Quercus Palustris)","2026-05-05 15:24:23",2023-09-26,,"Arbor Day Foundation",40,DraftKings,105161,"DraftKings 2023",52,"Amherst Nurseries",3171,1806135000,97586,,42.28007000,-71.11220000
106173,"Mount Hope 34 Roslindale",Tree,"Park tree planted","Honey Locust (Gleditsia triacanthos)","2026-05-05 15:24:23",2023-09-26,,"Arbor Day Foundation",40,DraftKings,105161,"DraftKings 2023",52,"Amherst Nurseries",3171,1806135000,97586,,42.28009000,-71.11290000
106167,"Mount Hope 28 Roslindale",Tree,"Park tree planted","Kentucky Coffeetree (Gymnocladus dioicius)","2026-05-05 15:24:22",2023-09-26,,"Arbor Day Foundation",40,DraftKings,105161,"DraftKings 2023",52,"Bigelow Nurseries",8699,1806135000,97586,,42.28005000,-71.11300000
106168,"Mount Hope 29 Roslindale",Tree,"Park tree planted","Red Maple (Acer rubrum)","2026-05-05 15:24:22",2023-09-26,,"Arbor Day Foundation",40,DraftKings,105161,"DraftKings 2023",52,"Bigelow Nurseries",8699,1806135000,97586,,42.28019000,-71.11290000
106169,"Mount Hope 30 Roslindale",Tree,"Park tree planted","American Linden (Tilia americana)","2026-05-05 15:24:22",2023-09-26,,"Arbor Day Foundation",40,DraftKings,105161,"DraftKings 2023",52,"Bigelow Nurseries",8699,1806135000,97586,,42.28013000,-71.11270000
106170,"Mount Hope 31 Roslindale",Tree,"Park tree planted","Galaxy Magnolia (Magnolia 'Galaxy')","2026-05-05 15:24:22",2023-09-26,,"Arbor Day Foundation",40,DraftKings,105161,"DraftKings 2023",52,"Bigelow Nurseries",8699,1806135000,97586,,42.28013000,-71.11210000
106163,"Umana 7 East Boston",Tree,"Park tree planted","Winter King Hawthorn (Crataegus viridis 'Winter King')","2026-05-05 15:24:21",2023-06-07,,"American Forests",35,Aspiration,7377,"Aspiration Tree Planting Grant 2023",40,,,0103668000,104051,,42.37826589,-71.04172754
106164,"Umana 8 East Boston",Tree,"Park tree planted","Chinkapin Oak (Quercus muehlenbergii)","2026-05-05 15:24:21",2023-06-07,,"American Forests",35,Aspiration,7377,"Aspiration Tree Planting Grant 2023",40,,,0103668000,104051,,42.37819473,-71.04182145
106165,"Umana 9 East Boston",Tree,"Park tree planted","Chinkapin Oak (Quercus muehlenbergii)","2026-05-05 15:24:21",2023-06-07,,"American Forests",35,Aspiration,7377,"Aspiration Tree Planting Grant 2023",40,,,0103668000,104051,,42.37815367,-71.04186665
106166,"Mount Hope 27 Roslindale",Tree,"Park tree planted","Sweetgum (Liquidambar styraciflua)","2026-05-05 15:24:21",2023-09-26,,"Arbor Day Foundation",40,DraftKings,105161,"DraftKings 2023",52,"Bigelow Nurseries",8699,1806135000,97586,,42.28034000,-71.11240000
106159,"Umana 1 East Boston",Tree,"Park tree planted","Washington Hawthorn (Crataegus phaenopyrum)","2026-05-05 15:24:20",2023-06-07,,"Delta Air Lines",3342,,,"Delta 2023 Harambee and Umana",46,,,0103668000,104051,,42.37826589,-71.04172754
106160,"Umana 2 East Boston",Tree,"Park tree planted","Corinthian Littleleaf Linden (Tilia cordata ‘Corzam’)","2026-05-05 15:24:20",2023-06-07,,"East Boston Foundation",2819,,,"EBF Umana School 2023",51,,,0103668000,104051,,42.37816242,-71.04180205
106161,"Umana 10 East Boston",Tree,"Park tree planted","Corinthian Littleleaf Linden (Tilia cordata ‘Corzam’)","2026-05-05 15:24:20",2023-06-07,,"American Forests",35,Aspiration,7377,"Aspiration Tree Planting Grant 2023",40,,,0103668000,104051,,42.37816242,-71.04180205
106162,"Umana 6 East Boston",Tree,"Park tree planted","Corinthian Littleleaf Linden (Tilia cordata ‘Corzam’)","2026-05-05 15:24:20",2023-06-07,,"American Forests",35,Aspiration,7377,"Aspiration Tree Planting Grant 2023",40,,,0103668000,104051,,42.37810395,-71.04186167
106155,"Bennington 7 East Boston",Tree,"Park tree planted","Crabapple (Malus sylvestris)","2026-05-05 15:24:19",2023-06-02,,"American Forests",35,Aspiration,7377,"Aspiration Tree Planting Grant 2023",40,,,,,,42.38954628,-70.99789568
106156,"Umana 3 East Boston",Tree,"Park tree planted","Corinthian Littleleaf Linden (Tilia cordata ‘Corzam’)","2026-05-05 15:24:19",2023-06-07,,"Delta Air Lines",3342,,,"Delta 2023 Harambee and Umana",46,,,0103668000,104051,,42.37810395,-71.04186167
106157,"Umana 5 East Boston",Tree,"Park tree planted","Chinkapin Oak (Quercus muehlenbergii)","2026-05-05 15:24:19",2023-06-07,,"Delta Air Lines",3342,,,"Delta 2023 Harambee and Umana",46,,,0103668000,104051,,42.37815367,-71.04186665
106158,"Umana 4 East Boston",Tree,"Park tree planted","Chinkapin Oak (Quercus muehlenbergii)","2026-05-05 15:24:19",2023-06-07,,"Delta Air Lines",3342,,,"Delta 2023 Harambee and Umana",46,,,0103668000,104051,,42.37819473,-71.04182145
106151,"Noyes Park 5 East Boston",Tree,"Park tree planted","Pin Oak (Quercus Palustris)","2026-05-05 15:24:18",2023-04-29,,"American Forests",35,Aspiration,7377,"Aspiration Tree Planting Grant 2023",40,,,0100524000,102741,,42.38835801,-71.01118829
106152,"Noyes Park 4 East Boston",Tree,"Park tree planted","Common hackberry (Celtis occidentalis)","2026-05-05 15:24:18",2023-04-29,,"American Forests",35,Aspiration,7377,"Aspiration Tree Planting Grant 2023",40,,,0100524000,102741,,42.38856258,-71.01029931
106153,"Andrews 5 East Boston",Tree,"Park tree planted","Red Maple (Acer rubrum)","2026-05-05 15:24:18",2023-06-02,,"American Forests",35,Aspiration,7377,"Aspiration Tree Planting Grant 2023",40,,,,,,42.38403000,-71.00124000
106154,"Bayswater 2 East Boston",Tree,"Park tree planted","Red Maple (Acer rubrum)","2026-05-05 15:24:18",2023-06-02,,"American Forests",35,Aspiration,7377,"Aspiration Tree Planting Grant 2023",40,,,,,,42.38432197,-71.00428127
106147,"Loesch 11 Dorchester",Tree,"Park tree planted","Downy Serviceberry (Amelanchier arborea)","2026-05-05 15:24:17",2023-04-28,,"Arbor Day Foundation",40,PwC,4104,"PwC Arbor Day 2023",47,,,1601398000,64182,,42.29080000,-71.06620000
106148,"Noyes Park 1 East Boston",Tree,"Park tree planted","Arborvitae(Thuja occidentalis)","2026-05-05 15:24:17",2023-04-29,,"American Forests",35,Aspiration,7377,"Aspiration Tree Planting Grant 2023",40,,,0100524000,102741,,42.38674000,-71.01047000
106149,"Noyes Park 2 East Boston",Tree,"Park tree planted","Arborvitae(Thuja occidentalis)","2026-05-05 15:24:17",2023-04-29,,"American Forests",35,Aspiration,7377,"Aspiration Tree Planting Grant 2023",40,,,0100524000,102741,,42.38688000,-71.01054000
106150,"Noyes Park 3 East Boston",Tree,"Park tree planted","Arborvitae(Thuja occidentalis)","2026-05-05 15:24:17",2023-04-29,,"American Forests",35,Aspiration,7377,"Aspiration Tree Planting Grant 2023",40,,,0100524000,102741,,42.38691000,-71.01058000
106143,"Loesch 3 Dorchester",Tree,"Park tree planted","Black Tupelo (Nyssa sylvatica)","2026-05-05 15:24:16",2023-04-28,,"Arbor Day Foundation",40,PwC,4104,"PwC Arbor Day 2023",47,,,1601398000,64182,,42.29085000,-71.06629000
106144,"Loesch 7 Dorchester",Tree,"Park tree planted","Kanzan Cherry (Prunus 'Kanzan')","2026-05-05 15:24:16",2023-04-28,,"Arbor Day Foundation",40,PwC,4104,"PwC Arbor Day 2023",47,,,1601398000,64182,,42.29088000,-71.06597000
106145,"Loesch 8 Dorchester",Tree,"Park tree planted","Kanzan Cherry (Prunus 'Kanzan')","2026-05-05 15:24:16",2023-04-28,,"Arbor Day Foundation",40,PwC,4104,"PwC Arbor Day 2023",47,,,1601398000,64182,,42.29088000,-71.06605000
106146,"Loesch 4 Dorchester",Tree,"Park tree planted","Katsura (Cercidiphyllum japonicum)","2026-05-05 15:24:16",2023-04-28,,"Arbor Day Foundation",40,PwC,4104,"PwC Arbor Day 2023",47,,,1601398000,64182,,42.29095000,-71.06617000
106140,"Loesch 2 Dorchester",Tree,"Park tree planted","Golden Raintree (Koelreuteria paniculata)","2026-05-05 15:24:15",2023-04-28,,"Arbor Day Foundation",40,PwC,4104,"PwC Arbor Day 2023",47,,,1601398000,64182,,42.29064000,-71.06627000
106141,"Loesch 10 Dorchester",Tree,"Park tree planted","Downy Serviceberry (Amelanchier arborea)","2026-05-05 15:24:15",2023-04-28,,"Arbor Day Foundation",40,PwC,4104,"PwC Arbor Day 2023",47,,,1601398000,64182,,42.29065000,-71.06600000
106142,"Loesch 9 Dorchester",Tree,"Park tree planted","Downy Serviceberry (Amelanchier arborea)","2026-05-05 15:24:15",2023-04-28,,"Arbor Day Foundation",40,PwC,4104,"PwC Arbor Day 2023",47,,,1601398000,64182,,42.29071000,-71.06618000
106136,"Harambee 39 Dorchester",Tree,"Park tree planted","Flowering Dogwood (Cornus florida)","2026-05-05 15:24:14",2022-11-09,,"American Forests",35,Salesforce,3267,"Salesforce American Forest 2022 2023",48,,,1402863000,46867,,42.29447000,-71.08740000
106137,"Loesch 5 Dorchester",Tree,"Park tree planted","Kanzan Cherry (Prunus 'Kanzan')","2026-05-05 15:24:14",2023-04-28,,"Arbor Day Foundation",40,PwC,4104,"PwC Arbor Day 2023",47,,,1601398000,64182,,42.29017000,-71.06667000
106138,"Loesch 6 Dorchester",Tree,"Park tree planted","Kanzan Cherry (Prunus 'Kanzan')","2026-05-05 15:24:14",2023-04-28,,"Arbor Day Foundation",40,PwC,4104,"PwC Arbor Day 2023",47,,,1601398000,64182,,42.29024000,-71.06626000
106139,"Loesch 1 Dorchester",Tree,"Park tree planted","Black Tupelo (Nyssa sylvatica)","2026-05-05 15:24:14",2023-04-28,,"Arbor Day Foundation",40,PwC,4104,"PwC Arbor Day 2023",47,,,1601398000,64182,,42.29052000,-71.06645000
106131,"Harambee 34 Dorchester",Tree,"Park tree planted",,"2026-05-05 15:24:13",2022-11-09,,"American Forests",35,Salesforce,3267,"Salesforce American Forest 2022 2023",48,,,1402863000,46867,,42.29295000,-71.08610000
106132,"Harambee 35 Dorchester",Tree,"Park tree planted","Black Tupelo (Nyssa sylvatica)","2026-05-05 15:24:13",2022-11-09,,"American Forests",35,Salesforce,3267,"Salesforce American Forest 2022 2023",48,,,1402863000,46867,,42.29350000,-71.08553000
106133,"Harambee 36 Dorchester",Tree,"Park tree planted","Black Tupelo (Nyssa sylvatica)","2026-05-05 15:24:13",2022-11-09,,"American Forests",35,Salesforce,3267,"Salesforce American Forest 2022 2023",48,,,1402863000,46867,,42.29356000,-71.08552000
106134,"Harambee 37 Dorchester",Tree,"Park tree planted","Flowering Dogwood (Cornus florida)","2026-05-05 15:24:13",2022-11-09,,"American Forests",35,Salesforce,3267,"Salesforce American Forest 2022 2023",48,,,1402863000,46867,,42.29435000,-71.08745000
106135,"Harambee 38 Dorchester",Tree,"Park tree planted","Flowering Dogwood (Cornus florida)","2026-05-05 15:24:13",2022-11-09,,"American Forests",35,Salesforce,3267,"Salesforce American Forest 2022 2023",48,,,1402863000,46867,,42.29439000,-71.08743000
106127,"Harambee 30 Dorchester",Tree,"Park tree planted","Sweetgum (Liquidambar styraciflua)","2026-05-05 15:24:12",2022-11-09,,"American Forests",35,Salesforce,3267,"Salesforce American Forest 2022 2023",48,,,1402863000,46867,,42.29280000,-71.08361000
106128,"Harambee 31 Dorchester",Tree,"Park tree planted","Sweetgum (Liquidambar styraciflua)","2026-05-05 15:24:12",2022-11-09,,"American Forests",35,Salesforce,3267,"Salesforce American Forest 2022 2023",48,,,1402863000,46867,,42.29273000,-71.08364000
106129,"Harambee 32 Dorchester",Tree,"Park tree planted","Sweetgum (Liquidambar styraciflua)","2026-05-05 15:24:12",2022-11-09,,"American Forests",35,Salesforce,3267,"Salesforce American Forest 2022 2023",48,,,1402863000,46867,,42.29266000,-71.08368000
106130,"Harambee 33 Dorchester",Tree,"Park tree planted",,"2026-05-05 15:24:12",2022-11-09,,"American Forests",35,Salesforce,3267,"Salesforce American Forest 2022 2023",48,,,1402863000,46867,,42.29298000,-71.08616000
106123,"Harambee 26 Dorchester",Tree,"Park tree planted","Sugar Maple (Acer saccharum)","2026-05-05 15:24:10",2022-11-09,,"American Forests",35,Salesforce,3267,"Salesforce American Forest 2022 2023",48,,,1402863000,46867,,42.29303000,-71.08667000
106124,"Harambee 27 Dorchester",Tree,"Park tree planted","Black Tupelo (Nyssa sylvatica)","2026-05-05 15:24:10",2022-11-09,,"American Forests",35,Salesforce,3267,"Salesforce American Forest 2022 2023",48,,,1402863000,46867,,42.29346000,-71.08555000
106125,"Harambee 28 Dorchester",Tree,"Park tree planted","Sweetgum (Liquidambar styraciflua)","2026-05-05 15:24:10",2022-11-09,,"American Forests",35,Salesforce,3267,"Salesforce American Forest 2022 2023",48,,,1402863000,46867,,42.29293000,-71.08348000
106126,"Harambee 29 Dorchester",Tree,"Park tree planted","Sweetgum (Liquidambar styraciflua)","2026-05-05 15:24:10",2022-11-09,,"American Forests",35,Salesforce,3267,"Salesforce American Forest 2022 2023",48,,,1402863000,46867,,42.29285000,-71.08356000
106119,"Harambee 22 Dorchester",Tree,"Park tree planted","Sugar Maple (Acer saccharum)","2026-05-05 15:24:09",2022-11-09,,"American Forests",35,Salesforce,3267,"Salesforce American Forest 2022 2023",48,,,1402863000,46867,,42.29303000,-71.08634000
106120,"Harambee 23 Dorchester",Tree,"Park tree planted","Sugar Maple (Acer saccharum)","2026-05-05 15:24:09",2022-11-09,,"American Forests",35,Salesforce,3267,"Salesforce American Forest 2022 2023",48,,,1402863000,46867,,42.29304000,-71.08640000
106121,"Harambee 24 Dorchester",Tree,"Park tree planted","Sugar Maple (Acer saccharum)","2026-05-05 15:24:09",2022-11-09,,"American Forests",35,Salesforce,3267,"Salesforce American Forest 2022 2023",48,,,1402863000,46867,,42.29306000,-71.08648000
106122,"Harambee 25 Dorchester",Tree,"Park tree planted","Sugar Maple (Acer saccharum)","2026-05-05 15:24:09",2022-11-09,,"American Forests",35,Salesforce,3267,"Salesforce American Forest 2022 2023",48,,,1402863000,46867,,42.29301000,-71.08658000
106115,"Harambee 18 Dorchester",Tree,"Park tree planted","Sugar Maple (Acer saccharum)","2026-05-05 15:24:08",2022-11-09,,"American Forests",35,Salesforce,3267,"Salesforce American Forest 2022 2023",48,,,1402863000,46867,,42.29363000,-71.08428000
106116,"Harambee 19 Dorchester",Tree,"Park tree planted","Sugar Maple (Acer saccharum)","2026-05-05 15:24:08",2022-11-09,,"American Forests",35,Salesforce,3267,"Salesforce American Forest 2022 2023",48,,,1402863000,46867,,42.29360000,-71.08418000
106117,"Harambee 20 Dorchester",Tree,"Park tree planted","Sugar Maple (Acer saccharum)","2026-05-05 15:24:08",2022-11-09,,"American Forests",35,Salesforce,3267,"Salesforce American Forest 2022 2023",48,,,1402863000,46867,,42.29357000,-71.08410000
106118,"Harambee 21 Dorchester",Tree,"Park tree planted","Sugar Maple (Acer saccharum)","2026-05-05 15:24:08",2022-11-09,,"American Forests",35,Salesforce,3267,"Salesforce American Forest 2022 2023",48,,,1402863000,46867,,42.29354000,-71.08398000
106111,"Harambee 14 Dorchester",Tree,"Park tree planted","Sugar Maple (Acer saccharum)","2026-05-05 15:24:07",2022-11-09,,"American Forests",35,Salesforce,3267,"Salesforce American Forest 2022 2023",48,,,1402863000,46867,,42.29372000,-71.08460000
106112,"Harambee 15 Dorchester",Tree,"Park tree planted","Sugar Maple (Acer saccharum)","2026-05-05 15:24:07",2022-11-09,,"American Forests",35,Salesforce,3267,"Salesforce American Forest 2022 2023",48,,,1402863000,46867,,42.29369000,-71.08450000
106113,"Harambee 16 Dorchester",Tree,"Park tree planted","Black Tupelo (Nyssa sylvatica)","2026-05-05 15:24:07",2022-11-09,,"American Forests",35,Salesforce,3267,"Salesforce American Forest 2022 2023",48,,,1402863000,46867,,42.29340000,-71.08558000
106114,"Harambee 17 Dorchester",Tree,"Park tree planted","Sugar Maple (Acer saccharum)","2026-05-05 15:24:07",2022-11-09,,"American Forests",35,Salesforce,3267,"Salesforce American Forest 2022 2023",48,,,1402863000,46867,,42.29367000,-71.08439000
106107,"Harambee 10 Dorchester",Tree,"Park tree planted","Eastern Redbud (Cercis canadensis)","2026-05-05 15:24:06",2022-11-09,,"American Forests",35,Salesforce,3267,"Salesforce American Forest 2022 2023",48,,,1402863000,46867,,42.29318000,-71.08661000
106108,"Harambee 11 Dorchester",Tree,"Park tree planted","Eastern Redbud (Cercis canadensis)","2026-05-05 15:24:06",2022-11-09,,"American Forests",35,Salesforce,3267,"Salesforce American Forest 2022 2023",48,,,1402863000,46867,,42.29323000,-71.08657000
106109,"Harambee 12 Dorchester",Tree,"Park tree planted","Eastern Redbud (Cercis canadensis)","2026-05-05 15:24:06",2022-11-09,,"American Forests",35,Salesforce,3267,"Salesforce American Forest 2022 2023",48,,,1402863000,46867,,42.29321000,-71.08652000
106110,"Harambee 13 Dorchester",Tree,"Park tree planted","Eastern Redbud (Cercis canadensis)","2026-05-05 15:24:06",2022-11-09,,"American Forests",35,Salesforce,3267,"Salesforce American Forest 2022 2023",48,,,1402863000,46867,,42.29326000,-71.08652000
106103,"Harambee 6 Dorchester",Tree,"Park tree planted","Honey Locust (Gleditsia triacanthos)","2026-05-05 15:24:05",2022-11-09,,"American Forests",35,Salesforce,3267,"Salesforce American Forest 2022 2023",48,,,1402863000,46867,,42.29306000,-71.08589000
106104,"Harambee 7 Dorchester",Tree,"Park tree planted","Honey Locust (Gleditsia triacanthos)","2026-05-05 15:24:05",2022-11-09,,"American Forests",35,Salesforce,3267,"Salesforce American Forest 2022 2023",48,,,1402863000,46867,,42.29310000,-71.08582000
106105,"Harambee 8 Dorchester",Tree,"Park tree planted","Black Tupelo (Nyssa sylvatica)","2026-05-05 15:24:05",2022-11-09,,"American Forests",35,Salesforce,3267,"Salesforce American Forest 2022 2023",48,,,1402863000,46867,,42.29334000,-71.08561000
106106,"Harambee 9 Dorchester",Tree,"Park tree planted","Eastern Redbud (Cercis canadensis)","2026-05-05 15:24:05",2022-11-09,,"American Forests",35,Salesforce,3267,"Salesforce American Forest 2022 2023",48,,,1402863000,46867,,42.29313000,
106099,"Harambee 2 Dorchester",Tree,"Park tree planted","Flowering Dogwood (Cornus florida)","2026-05-05 15:24:04",2022-11-09,,"American Forests",35,Salesforce,3267,"Salesforce American Forest 2022 2023",48,,,1402863000,46867,,42.29451000,-71.08739000
106100,"Harambee 3 Dorchester",Tree,"Park tree planted","Flowering Dogwood (Cornus florida)","2026-05-05 15:24:04",2022-11-09,,"American Forests",35,Salesforce,3267,"Salesforce American Forest 2022 2023",48,,,1402863000,46867,,42.29455000,-71.08755000
106101,"Harambee 4 Dorchester",Tree,"Park tree planted","Honey Locust (Gleditsia triacanthos)","2026-05-05 15:24:04",2022-11-09,,"American Forests",35,Salesforce,3267,"Salesforce American Forest 2022 2023",48,,,1402863000,46867,,42.29300000,-71.08587000
106102,"Harambee 5 Dorchester",Tree,"Park tree planted","Honey Locust (Gleditsia triacanthos)","2026-05-05 15:24:04",2022-11-09,,"American Forests",35,Salesforce,3267,"Salesforce American Forest 2022 2023",48,,,1402863000,46867,,42.29304000,-71.08580000
106095,"Bennington 2 East Boston",Tree,"Park tree planted","Crabapple (Malus sylvestris)","2026-05-05 15:24:03",2022-11-03,,"Delta Air Lines",3342,,,"Delta East Boston Planting 2022",42,,,,,,42.38998256,-70.99733225
106096,"Bennington 3 East Boston",Tree,"Park tree planted","Crabapple (Malus sylvestris)","2026-05-05 15:24:03",2022-11-03,,"Delta Air Lines",3342,,,"Delta East Boston Planting 2022",42,,,,,,42.38998256,-70.99733225
106097,"Bennington 6 East Boston",Tree,"Park tree planted","Crabapple (Malus sylvestris)","2026-05-05 15:24:03",2022-11-03,,"Delta Air Lines",3342,,,"Delta East Boston Planting 2022",42,,,,,,42.38998256,-70.99733225
106098,"Harambee 1 Dorchester",Tree,"Park tree planted","Black Tupelo (Nyssa sylvatica)","2026-05-05 15:24:03",2022-11-09,,"American Forests",35,Salesforce,3267,"Salesforce American Forest 2022 2023",48,,,1402863000,46867,,42.29329000,-71.08565000
106091,"Bennington 12 East Boston",Tree,"Park tree planted","Downy Serviceberry (Amelanchier arborea)","2026-05-05 15:24:02",2022-11-03,,"Delta Air Lines",3342,,,"Delta East Boston Planting 2022",42,,,,,,42.38956502,-70.99791605
106092,"Bennington 5 East Boston",Tree,"Park tree planted","Crabapple (Malus sylvestris)","2026-05-05 15:24:02",2022-11-03,,"Delta Air Lines",3342,,,"Delta East Boston Planting 2022",42,,,,,,42.38960009,-70.99783039
106093,"Bennington 4 East Boston",Tree,"Park tree planted","Crabapple (Malus sylvestris)","2026-05-05 15:24:02",2022-11-03,,"Delta Air Lines",3342,,,"Delta East Boston Planting 2022",42,,,,,,42.38962703,-70.99777124
106094,"Bennington 11 East Boston",Tree,"Park tree planted","Downy Serviceberry (Amelanchier arborea)","2026-05-05 15:24:02",2022-11-03,,"Delta Air Lines",3342,,,"Delta East Boston Planting 2022",42,,,,,,42.38972247,-70.99769603
106087,"Bennington 13 East Boston",Tree,"Park tree planted","Sweetgum (Liquidambar styraciflua)","2026-05-05 15:24:01",2022-11-03,,"Delta Air Lines",3342,,,"Delta East Boston Planting 2022",42,,,,,,42.38763101,-71.00422226
106088,"Bennington 8 East Boston",Tree,"Park tree planted","Ginkgo (Ginkgo biloba)","2026-05-05 15:24:01",2022-11-03,,"Delta Air Lines",3342,,,"Delta East Boston Planting 2022",42,,,,,,42.38917819,-70.99801211
106089,"Bennington 9 East Boston",Tree,"Park tree planted","Ginkgo (Ginkgo biloba)","2026-05-05 15:24:01",2022-11-03,,"Delta Air Lines",3342,,,"Delta East Boston Planting 2022",42,,,,,,42.38917819,-70.99801211
106090,"Bennington 10 East Boston",Tree,"Park tree planted","Washington Hawthorn (Crataegus phaenopyrum)","2026-05-05 15:24:01",2022-11-03,,"Delta Air Lines",3342,,,"Delta East Boston Planting 2022",42,,,,,,42.38953096,-70.99796066
106080,"Fitzgerald 3 Mission Hill",Tree,"Park tree planted",,"2026-05-05 15:24:00",2022-04-29,,"American Forests",35,"Bank of America",56,"BoA and AF 2022",45,,,1000616000,27476,,42.33184000,-71.10328000
106081,"Fitzgerald 5 Mission Hill",Tree,"Park tree planted",,"2026-05-05 15:24:00",2022-04-29,,"American Forests",35,"Bank of America",56,"BoA and AF 2022",45,,,1000616000,27476,,42.33185000,-71.10238000
106082,"Fitzgerald 4 Mission Hill",Tree,"Park tree planted",,"2026-05-05 15:24:00",2022-04-29,,"American Forests",35,"Bank of America",56,"BoA and AF 2022",45,,,1000616000,27476,,42.33186000,-71.10321000
106083,"Fitzgerald 6 Mission Hill",Tree,"Park tree planted",,"2026-05-05 15:24:00",2022-04-29,,"American Forests",35,"Bank of America",56,"BoA and AF 2022",45,,,1000616000,27476,,42.33188000,-71.10230000
106084,"Fitzgerald 7 Mission Hill",Tree,"Park tree planted",,"2026-05-05 15:24:00",2022-04-29,,"American Forests",35,"Bank of America",56,"BoA and AF 2022",45,,,1000616000,27476,,42.33191000,-71.10230000
106085,"Fitzgerald 8 Mission Hill",Tree,"Park tree planted",,"2026-05-05 15:24:00",2022-04-29,,"American Forests",35,"Bank of America",56,"BoA and AF 2022",45,,,1000616000,27476,,42.33195000,-71.10229000
106086,"Bennington 14 East Boston",Tree,"Park tree planted","Willow Oak (Quercus phellos)","2026-05-05 15:24:00",2022-11-03,,"Delta Air Lines",3342,,,"Delta East Boston Planting 2022",42,,,,,,42.38755344,-71.00444723
106077,"Gladstone 1 East Boston",Tree,"Park tree planted","Japanese Tree Lilac (syringa reticulata)","2026-05-05 15:23:59",2022-04-14,,"Delta Air Lines",3342,,,"Delta East Boston Planting 2022",42,"Bigelow Nurseries",8699,,,,42.38932847,-71.00531660
106078,"Fitzgerald 1 Mission Hill",Tree,"Park tree planted",,"2026-05-05 15:23:59",2022-04-29,,"American Forests",35,"Bank of America",56,"BoA and AF 2022",45,,,1000616000,27476,,42.33166000,-71.10249000
106079,"Fitzgerald 2 Mission Hill",Tree,"Park tree planted",,"2026-05-05 15:23:59",2022-04-29,,"American Forests",35,"Bank of America",56,"BoA and AF 2022",45,,,1000616000,27476,,42.33174000,-71.10272000
106076,"Bennington 1 East Boston",Tree,"Park tree planted","Pin Oak (Quercus Palustris)","2026-05-05 15:23:57",2022-04-14,,"Delta Air Lines",3342,,,"Delta East Boston Planting 2022",42,"Bigelow Nurseries",8699,,,,42.38643090,-71.00722734
106072,"Andrews 4 East Boston",Tree,"Park tree planted","Red Maple (Acer rubrum)","2026-05-05 15:23:56",2022-04-14,,"Delta Air Lines",3342,,,"Delta East Boston Planting 2022",42,"Bigelow Nurseries",8699,,,,42.38406664,-71.00132748
106073,"Andrews 3 East Boston",Tree,"Park tree planted","Sweetgum (Liquidambar styraciflua)","2026-05-05 15:23:56",2022-04-14,,"Delta Air Lines",3342,,,"Delta East Boston Planting 2022",42,"Bigelow Nurseries",8699,,,,42.38410082,-71.00141868
106074,"Andrews 1 East Boston",Tree,"Park tree planted","Pin Oak (Quercus Palustris)","2026-05-05 15:23:56",2022-04-14,,"Delta Air Lines",3342,,,"Delta East Boston Planting 2022",42,"Bigelow Nurseries",8699,,,,42.38429225,-71.00195713
106075,"Bayswater 1 East Boston",Tree,"Park tree planted","Sweetgum (Liquidambar styraciflua)","2026-05-05 15:23:56",2022-04-14,,"Delta Air Lines",3342,,,"Delta East Boston Planting 2022",42,"Bigelow Nurseries",8699,,,,42.38430092,-71.00432284
106068,"Fairview 42 Hyde Park",Tree,"Park tree planted","Honey Locust (Gleditsia triacanthos)","2026-05-05 15:23:55",2021-11-06,,"Arbor Day Foundation",40,"TD Bank",6607,"td bank arborday 2021",49,,,1812269085,69388,,42.24850000,-71.14087000
106069,"Fairview 43 Hyde Park",Tree,"Park tree planted","Honey Locust (Gleditsia triacanthos)","2026-05-05 15:23:55",2021-11-06,,"Arbor Day Foundation",40,"TD Bank",6607,"td bank arborday 2021",49,,,1812269085,69388,,42.24860000,-71.14107000
106070,"Leyden 1 East Boston",Tree,"Park tree planted","Japanese Tree Lilac (syringa reticulata)","2026-05-05 15:23:55",2022-04-14,,"Delta Air Lines",3342,,,"Delta East Boston Planting 2022",42,"Bigelow Nurseries",8699,,,,42.38880523,-71.00491360
106071,"Andrews 2 East Boston",Tree,"Park tree planted","Red Maple (Acer rubrum)","2026-05-05 15:23:55",2022-04-14,,"Delta Air Lines",3342,,,"Delta East Boston Planting 2022",42,"Bigelow Nurseries",8699,,,,42.38382592,-71.00116655
106064,"Fairview 38 Hyde Park",Tree,"Park tree planted","Dawn Redwood (Metasequoia glyptostroboides)","2026-05-05 15:23:54",2021-11-06,,"Arbor Day Foundation",40,"TD Bank",6607,"td bank arborday 2021",49,,,1812269085,69388,,42.24589000,-71.14251000
106065,"Fairview 39 Hyde Park",Tree,"Park tree planted","Dawn Redwood (Metasequoia glyptostroboides)","2026-05-05 15:23:54",2021-11-06,,"Arbor Day Foundation",40,"TD Bank",6607,"td bank arborday 2021",49,,,1812269085,69388,,42.24597000,-71.14248000
106066,"Fairview 40 Hyde Park",Tree,"Park tree planted","Dawn Redwood (Metasequoia glyptostroboides)","2026-05-05 15:23:54",2021-11-06,,"Arbor Day Foundation",40,"TD Bank",6607,"td bank arborday 2021",49,,,1812269085,69388,,42.24602000,-71.14239000
106067,"Fairview 41 Hyde Park",Tree,"Park tree planted","Honey Locust (Gleditsia triacanthos)","2026-05-05 15:23:54",2021-11-06,,"Arbor Day Foundation",40,"TD Bank",6607,"td bank arborday 2021",49,,,1812269085,69388,,42.24843000,-71.14076000
106060,"Fairview 34 Hyde Park",Tree,"Park tree planted","Flowering Dogwood (Cornus florida)","2026-05-05 15:23:53",2021-11-06,,"Arbor Day Foundation",40,"TD Bank",6607,"td bank arborday 2021",49,,,1812269085,69388,,42.24618000,-71.14223000
106061,"Fairview 35 Hyde Park",Tree,"Park tree planted","Yoshino Cherry (Prunus x yedoensis)","2026-05-05 15:23:53",2021-11-06,,"Arbor Day Foundation",40,"TD Bank",6607,"td bank arborday 2021",49,,,1812269085,69388,,42.24607000,-71.14231000
106062,"Fairview 36 Hyde Park",Tree,"Park tree planted","Flowering Dogwood (Cornus florida)","2026-05-05 15:23:53",2021-11-06,,"Arbor Day Foundation",40,"TD Bank",6607,"td bank arborday 2021",49,,,1812269085,69388,,42.24779000,-71.14238000
106063,"Fairview 37 Hyde Park",Tree,"Park tree planted","Dawn Redwood (Metasequoia glyptostroboides)","2026-05-05 15:23:53",2021-11-06,,"Arbor Day Foundation",40,"TD Bank",6607,"td bank arborday 2021",49,,,1812269085,69388,,42.24586000,-71.14266000
106056,"Fairview 30 Hyde Park",Tree,"Park tree planted","Honey Locust (Gleditsia triacanthos)","2026-05-05 15:23:52",2021-11-06,,"Arbor Day Foundation",40,"TD Bank",6607,"td bank arborday 2021",49,,,1812269085,69388,,42.24578000,-71.14020000
106057,"Fairview 31 Hyde Park",Tree,"Park tree planted","Flowering Dogwood (Cornus florida)","2026-05-05 15:23:52",2021-11-06,,"Arbor Day Foundation",40,"TD Bank",6607,"td bank arborday 2021",49,,,1812269085,69388,,42.24763000,-71.14111000
106058,"Fairview 32 Hyde Park",Tree,"Park tree planted","Honey Locust (Gleditsia triacanthos)","2026-05-05 15:23:52",2021-11-06,,"Arbor Day Foundation",40,"TD Bank",6607,"td bank arborday 2021",49,,,1812269085,69388,,42.24586000,-71.14010000
106059,"Fairview 33 Hyde Park",Tree,"Park tree planted","Yoshino Cherry (Prunus x yedoensis)","2026-05-05 15:23:52",2021-11-06,,"Arbor Day Foundation",40,"TD Bank",6607,"td bank arborday 2021",49,,,1812269085,69388,,42.24629000,-71.14232000
106052,"Fairview 26 Hyde Park",Tree,"Park tree planted","Flowering Dogwood (Cornus florida)","2026-05-05 15:23:51",2021-11-06,,"Arbor Day Foundation",40,"TD Bank",6607,"td bank arborday 2021",49,,,1812269085,69388,,42.24643560,-71.14214011
106053,"Fairview 27 Hyde Park",Tree,"Park tree planted","Flowering Dogwood (Cornus florida)","2026-05-05 15:23:51",2021-11-06,,"Arbor Day Foundation",40,"TD Bank",6607,"td bank arborday 2021",49,,,1812269085,69388,,42.24835037,-71.14177365
106054,"Fairview 28 Hyde Park",Tree,"Park tree planted","Yoshino Cherry (Prunus x yedoensis)","2026-05-05 15:23:51",2021-11-06,,"Arbor Day Foundation",40,"TD Bank",6607,"td bank arborday 2021",49,,,1812269085,69388,,42.24633000,-71.14253000
106055,"Fairview 29 Hyde Park",Tree,"Park tree planted","Honey Locust (Gleditsia triacanthos)","2026-05-05 15:23:51",2021-11-06,,"Arbor Day Foundation",40,"TD Bank",6607,"td bank arborday 2021",49,,,1812269085,69388,,42.24568000,-71.14021000
106048,"Fairview 22 Hyde Park",Tree,"Park tree planted","Chinese Elm (Ulmus parvifolia)","2026-05-05 15:23:50",2021-11-06,,"Arbor Day Foundation",40,"TD Bank",6607,"td bank arborday 2021",49,,,1812269085,69388,,42.24816051,-71.14175923
106049,"Fairview 23 Hyde Park",Tree,"Park tree planted","Flowering Dogwood (Cornus florida)","2026-05-05 15:23:50",2021-11-06,,"Arbor Day Foundation",40,"TD Bank",6607,"td bank arborday 2021",49,,,1812269085,69388,,42.24763485,-71.14233021
106050,"Fairview 24 Hyde Park",Tree,"Park tree planted","Flowering Dogwood (Cornus florida)","2026-05-05 15:23:50",2021-11-06,,"Arbor Day Foundation",40,"TD Bank",6607,"td bank arborday 2021",49,,,1812269085,69388,,42.24612958,-71.14218704
106051,"Fairview 25 Hyde Park",Tree,"Park tree planted","Flowering Dogwood (Cornus florida)","2026-05-05 15:23:50",2021-11-06,,"Arbor Day Foundation",40,"TD Bank",6607,"td bank arborday 2021",49,,,1812269085,69388,,42.24652818,-71.14251863
106044,"Fairview 18 Hyde Park",Tree,"Park tree planted","Chinese Elm (Ulmus parvifolia)","2026-05-05 15:23:49",2021-11-06,,"Arbor Day Foundation",40,"TD Bank",6607,"td bank arborday 2021",49,,,1812269085,69388,,42.24626261,-71.14232652
106045,"Fairview 19 Hyde Park",Tree,"Park tree planted","Chinese Elm (Ulmus parvifolia)","2026-05-05 15:23:49",2021-11-06,,"Arbor Day Foundation",40,"TD Bank",6607,"td bank arborday 2021",49,,,1812269085,69388,,42.24632193,-71.14252131
106046,"Fairview 20 Hyde Park",Tree,"Park tree planted","Chinese Elm (Ulmus parvifolia)","2026-05-05 15:23:49",2021-11-06,,"Arbor Day Foundation",40,"TD Bank",6607,"td bank arborday 2021",49,,,1812269085,69388,,42.24651155,-71.14245359
106047,"Fairview 21 Hyde Park",Tree,"Park tree planted","Chinese Elm (Ulmus parvifolia)","2026-05-05 15:23:49",2021-11-06,,"Arbor Day Foundation",40,"TD Bank",6607,"td bank arborday 2021",49,,,1812269085,69388,,42.24842805,-71.14016801
106040,"Fairview 14 Hyde Park",Tree,"Park tree planted","Chinese Elm (Ulmus parvifolia)","2026-05-05 15:23:48",2021-11-06,,"Arbor Day Foundation",40,"TD Bank",6607,"td bank arborday 2021",49,,,1812269085,69388,,42.24639738,-71.14243716
106041,"Fairview 15 Hyde Park",Tree,"Park tree planted","Chinese Elm (Ulmus parvifolia)","2026-05-05 15:23:48",2021-11-06,,"Arbor Day Foundation",40,"TD Bank",6607,"td bank arborday 2021",49,,,1812269085,69388,,42.24779047,-71.14249818
106042,"Fairview 16 Hyde Park",Tree,"Park tree planted","Chinese Elm (Ulmus parvifolia)","2026-05-05 15:23:48",2021-11-06,,"Arbor Day Foundation",40,"TD Bank",6607,"td bank arborday 2021",49,,,1812269085,69388,,42.24591713,-71.14191514
106043,"Fairview 17 Hyde Park",Tree,"Park tree planted","Chinese Elm (Ulmus parvifolia)","2026-05-05 15:23:48",2021-11-06,,"Arbor Day Foundation",40,"TD Bank",6607,"td bank arborday 2021",49,,,1812269085,69388,,42.24598315,-71.14212904
106037,"Fairview 11 Hyde Park",Tree,"Park tree planted","Honey Locust (Gleditsia triacanthos)","2026-05-05 15:23:47",2021-11-06,,"Arbor Day Foundation",40,"TD Bank",6607,"td bank arborday 2021",49,,,1812269085,69388,,42.24837444,-71.14076748
106038,"Fairview 12 Hyde Park",Tree,"Park tree planted","Honey Locust (Gleditsia triacanthos)","2026-05-05 15:23:47",2021-11-06,,"Arbor Day Foundation",40,"TD Bank",6607,"td bank arborday 2021",49,,,1812269085,69388,,42.24842110,-71.14087813
106039,"Fairview 13 Hyde Park",Tree,"Park tree planted","Honey Locust (Gleditsia triacanthos)","2026-05-05 15:23:47",2021-11-06,,"Arbor Day Foundation",40,"TD Bank",6607,"td bank arborday 2021",49,,,1812269085,69388,,42.24850623,-71.14097837
106033,"Fairview 7 Hyde Park",Tree,"Park tree planted","Dawn Redwood (Metasequoia glyptostroboides)","2026-05-05 15:23:46",2021-11-06,,"Arbor Day Foundation",40,"TD Bank",6607,"td bank arborday 2021",49,,,1812269085,69388,,42.24583175,-71.14246599
106034,"Fairview 8 Hyde Park",Tree,"Park tree planted","Honey Locust (Gleditsia triacanthos)","2026-05-05 15:23:46",2021-11-06,,"Arbor Day Foundation",40,"TD Bank",6607,"td bank arborday 2021",49,,,1812269085,69388,,42.24649442,-71.14235166
106035,"Fairview 9 Hyde Park",Tree,"Park tree planted","Honey Locust (Gleditsia triacanthos)","2026-05-05 15:23:46",2021-11-06,,"Arbor Day Foundation",40,"TD Bank",6607,"td bank arborday 2021",49,,,1812269085,69388,,42.24824961,-71.14054855
106036,"Fairview 10 Hyde Park",Tree,"Park tree planted","Honey Locust (Gleditsia triacanthos)","2026-05-05 15:23:46",2021-11-06,,"Arbor Day Foundation",40,"TD Bank",6607,"td bank arborday 2021",49,,,1812269085,69388,,42.24834541,-71.14066288
106029,"Fairview 3 Hyde Park",Tree,"Park tree planted","Honey Locust (Gleditsia triacanthos)","2026-05-05 15:23:45",2021-11-06,,"Arbor Day Foundation",40,"TD Bank",6607,"td bank arborday 2021",49,,,1812269085,69388,,42.24563000,-71.14002000
106030,"Fairview 4 Hyde Park",Tree,"Park tree planted","Yoshino Cherry (Prunus x yedoensis)","2026-05-05 15:23:45",2021-11-06,,"Arbor Day Foundation",40,"TD Bank",6607,"td bank arborday 2021",49,,,1812269085,69388,,42.24653000,-71.14249000
106031,"Fairview 5 Hyde Park",Tree,"Park tree planted","Dawn Redwood (Metasequoia glyptostroboides)","2026-05-05 15:23:45",2021-11-06,,"Arbor Day Foundation",40,"TD Bank",6607,"td bank arborday 2021",49,,,1812269085,69388,,42.24752441,-71.14318650
106032,"Fairview 6 Hyde Park",Tree,"Park tree planted","Dawn Redwood (Metasequoia glyptostroboides)","2026-05-05 15:23:45",2021-11-06,,"Arbor Day Foundation",40,"TD Bank",6607,"td bank arborday 2021",49,,,1812269085,69388,,42.24587494,-71.14226282
106027,"Fairview 1 Hyde Park",Tree,"Park tree planted","Flowering Dogwood (Cornus florida)","2026-05-05 15:23:44",2021-11-06,,"Arbor Day Foundation",40,"TD Bank",6607,"td bank arborday 2021",49,,,1812269085,69388,,42.24529000,-71.13991000
106028,"Fairview 2 Hyde Park",Tree,"Park tree planted","Flowering Dogwood (Cornus florida)","2026-05-05 15:23:44",2021-11-06,,"Arbor Day Foundation",40,"TD Bank",6607,"td bank arborday 2021",49,,,1812269085,69388,,42.24535000,-71.13977000
105543,"Mount Hope 65 Mattapan",Tree,"Park tree planted","Black Tupelo (Nyssa sylvatica)","2026-04-27 10:41:31",2026-04-18,,"Executive Office of Energy and Environmental Affairs",154,,,"Cooling Corridors 2026",64,"Cavvichio Greenhouses Inc.",9595,1806135000,97586,2,42.28180329,-71.10109001
105545,"Mount Hope 66 Mattapan",Tree,"Park tree planted","Tulip Poplar (Liriodendron tulipifera)","2026-04-27 10:41:31",2026-04-18,,"Executive Office of Energy and Environmental Affairs",154,,,"Cooling Corridors 2026",64,"Cavvichio Greenhouses Inc.",9595,1806135000,97586,2,42.28178651,-71.10116941
105547,"Mount Hope 67 Mattapan",Tree,"Park tree planted","Tulip Poplar (Liriodendron tulipifera)","2026-04-27 10:41:31",2026-04-18,,"Executive Office of Energy and Environmental Affairs",154,,,"Cooling Corridors 2026",64,"Cavvichio Greenhouses Inc.",9595,1806135000,97586,2,42.28177473,-71.10123484
105537,"Mount Hope 62 Mattapan",Tree,"Park tree planted","Common hackberry (Celtis occidentalis)","2026-04-27 10:41:30",2026-04-18,,"Executive Office of Energy and Environmental Affairs",154,,,"Cooling Corridors 2026",64,"Cavvichio Greenhouses Inc.",9595,1806135000,97586,2,42.28187982,-71.10075105
105539,"Mount Hope 63 Mattapan",Tree,"Park tree planted","Common hackberry (Celtis occidentalis)","2026-04-27 10:41:30",2026-04-18,,"Executive Office of Energy and Environmental Affairs",154,,,"Cooling Corridors 2026",64,"Cavvichio Greenhouses Inc.",9595,1806135000,97586,2,42.28187145,-71.10080764
105541,"Mount Hope 64 Mattapan",Tree,"Park tree planted","Black Tupelo (Nyssa sylvatica)","2026-04-27 10:41:30",2026-04-18,,"Executive Office of Energy and Environmental Affairs",154,,,"Cooling Corridors 2026",64,"Cavvichio Greenhouses Inc.",9595,1806135000,97586,2,42.28183932,-71.10091247
105533,"Mount Hope 60 Mattapan",Tree,"Park tree planted","Pin Oak (Quercus Palustris)","2026-04-27 10:41:29",2026-04-18,,"Executive Office of Energy and Environmental Affairs",154,,,"Cooling Corridors 2026",64,"Cavvichio Greenhouses Inc.",9595,1806135000,97586,2,42.28193430,-71.10054101
105535,"Mount Hope 61 Mattapan",Tree,"Park tree planted","Common hackberry (Celtis occidentalis)","2026-04-27 10:41:29",2026-04-18,,"Executive Office of Energy and Environmental Affairs",154,,,"Cooling Corridors 2026",64,"Cavvichio Greenhouses Inc.",9595,1806135000,97586,2,42.28192614,-71.10062564
105531,"Mount Hope 59 Mattapan",Tree,"Park tree planted","Pin Oak (Quercus Palustris)","2026-04-27 10:41:28",2026-04-18,,"Executive Office of Energy and Environmental Affairs",154,,,"Cooling Corridors 2026",64,"Cavvichio Greenhouses Inc.",9595,1806135000,97586,2,42.28196695,-71.10045453
105421,"Mount Hope 58 Mattapan",Tree,"Park tree planted","Tulip Poplar (Liriodendron tulipifera)","2026-04-22 14:15:55",2026-04-18,,"Executive Office of Energy and Environmental Affairs",154,,,"Cooling Corridors 2026",64,"Cavvichio Greenhouses Inc.",9595,1806135000,97586,2,42.28160110,-71.10179620
105390,"Pierre-Louis 2 Hyde Park",Tree,"Yard tree planted","Tulip Poplar (Liriodendron tulipifera)","2026-04-22 12:58:21",2026-04-21,,"Executive Office of Energy and Environmental Affairs",154,,,"Cooling Corridors 2026",64,"Schichtel's Nursery",12059,1809886008,13548,1.5,42.24088782,-71.12577355
105389,"Pierre-Louis 1 Hyde Park",Tree,"Yard tree planted","American Linden (Tilia americana)","2026-04-22 12:21:54",2026-04-21,,"Executive Office of Energy and Environmental Affairs",154,,,"Cooling Corridors 2026",64,"Schichtel's Nursery",12059,1809886008,13548,1.5,42.24081593,-71.12573984
12992,"alda witherspoon Tree 1",Tree,"Yard tree planted","Flame Thrower Eastern Redbud (Cercis canadensis 'Flame Thrower')","2025-07-02 15:02:38",2025-04-18,,,,,,,,"Weston Nurseries",9542,,,,42.29550700,-71.07571283
12989,"cassandra  vickers Tree 2",Tree,"Yard tree planted","Genie Magnolia (Magnolia 'Genie')","2025-07-02 15:02:37",2025-05-28,,,,,,,,"Weston Nurseries",9542,,,,42.31362809,-71.09217404
12990,"nancy norman Tree 3",Tree,"Yard tree planted","Merlot Eastern Redbud (Cercis canadensis 'Merlot')","2025-07-02 15:02:37",2025-04-30,,,,,,,,"Weston Nurseries",9542,,,,42.28731479,-71.06613554
12991,"nancy norman Tree 4",Tree,"Yard tree planted","Flame Thrower Eastern Redbud (Cercis canadensis 'Flame Thrower')","2025-07-02 15:02:37",2025-04-30,,,,,,,,"Weston Nurseries",9542,,,,42.28748947,-71.06580933
12987,"mark oliver Tree 1",Tree,"Yard tree planted","Japanese Stewartia (Stewartia pseudocamellia)","2025-07-02 15:02:36",2025-05-29,,,,,,,,"Weston Nurseries",9542,1807138000,13501,,42.26511217,-71.11184145
12988,"cassandra  vickers Tree 1",Tree,"Yard tree planted","Genie Magnolia (Magnolia 'Genie')","2025-07-02 15:02:36",2025-05-28,,,,,,,,"Weston Nurseries",9542,,,,42.31365933,-71.09215660
12986,"marcia kimm Tree 2",Tree,"Yard tree planted","Japanese Stewartia (Stewartia pseudocamellia)","2025-07-02 15:02:35",2025-05-29,,,,,,,,"Weston Nurseries",9542,1809931002,13542,,42.24247124,-71.12155008
12984,"victoria downes Tree 3",Tree,"Yard tree planted","Eastern Redbud (Cercis canadensis)","2025-07-02 15:02:34",2025-04-17,,,,,,,,"Cavvichio Greenhouses Inc.",9595,1802885000,13495,,42.27622407,-71.10151078
12985,"marcia kimm Tree 1",Tree,"Yard tree planted","Japanese Stewartia (Stewartia pseudocamellia)","2025-07-02 15:02:34",2025-05-29,,"City of Boston Office of Workforce Development/SuccessLink",8723,,,"Youth Development Fund, second installment",38,"Weston Nurseries",9542,1809931002,13542,0,42.24242110,-71.12152259
12982,"victoria downes Tree 1",Tree,"Yard tree planted","Eastern Redbud (Cercis canadensis)","2025-07-02 15:02:33",2025-04-17,,,,,,,,"Schichtel's Nursery",12059,1802885000,13495,,42.27618276,-71.10156740
12983,"victoria downes Tree 2",Tree,"Yard tree planted","Genie Magnolia (Magnolia 'Genie')","2025-07-02 15:02:33",2025-04-17,,,,,,,,"Weston Nurseries",9542,1802885000,13495,,42.27625416,-71.10147649
12980,"cynthia upchurch Tree 1",Tree,"Yard tree planted","Moonglow Magnolia (Magnolia Virginiana)","2025-07-02 15:02:32",2025-04-14,,,,,,,,"Weston Nurseries",9542,1804280000,13499,,42.26402891,-71.10808132
12981,"cynthia upchurch Tree 2",Tree,"Yard tree planted","Cumulus Allegheny Serviceberry (Amelanchier Laevis 'Cumulus')","2025-07-02 15:02:32",2025-04-14,,,,,,,,"Bigelow Nurseries",8699,1804280000,13499,,42.26395943,-71.10804913
12977,"nasreen latif Tree 7",Tree,"Yard tree planted","Kanzan Cherry (Prunus 'Kanzan')","2025-07-02 15:02:31",2025-04-23,,,,,,,,"Bigelow Nurseries",8699,0000000000,13569,,42.32799698,-71.09631349
12978,"nasreen latif Tree 8",Tree,"Yard tree planted","Forest Pansy Eastern Redbud (Cercis canadensis 'Forest Pansy')","2025-07-02 15:02:31",2025-04-23,,,,,,,,"Bigelow Nurseries",8699,0000000000,13569,,42.32803262,-71.09628483
12979,"nasreen latif Tree 9",Tree,"Yard tree planted","Cumulus Allegheny Serviceberry (Amelanchier Laevis 'Cumulus')","2025-07-02 15:02:31",2025-04-23,,,,,,,,"Bigelow Nurseries",8699,0000000000,13569,,42.32840058,-71.09595649
12974,"nasreen latif Tree 4",Tree,"Yard tree planted","Cornus Rutpink (Cornus x rutgersensis)","2025-07-02 15:02:30",2025-04-23,,,,,,,,"Bigelow Nurseries",8699,0000000000,13569,,42.32945340,-71.09591480
12975,"nasreen latif Tree 5",Tree,"Yard tree planted","Kousa Dogwood (Cornus kousa)","2025-07-02 15:02:30",2025-04-23,,,,,,,,"Bigelow Nurseries",8699,0000000000,13569,,42.32936093,-71.09597604
12976,"nasreen latif Tree 6",Tree,"Yard tree planted","Kousa Dogwood (Cornus kousa)","2025-07-02 15:02:30",2025-04-23,,,,,,,,"Bigelow Nurseries",8699,0000000000,13569,,42.32940909,-71.09594346
12972,"nasreen latif Tree 2",Tree,"Yard tree planted","Cumulus Allegheny Serviceberry (Amelanchier Laevis 'Cumulus')","2025-07-02 15:02:29",2025-04-23,,,,,,,,"Bigelow Nurseries",8699,0000000000,13569,,42.32843526,-71.09607245
12973,"nasreen latif Tree 3",Tree,"Yard tree planted","Forest Pansy Eastern Redbud (Cercis canadensis 'Forest Pansy')","2025-07-02 15:02:29",2025-04-23,,,,,,,,"Bigelow Nurseries",8699,0000000000,13569,,42.32842851,-71.09603076
12969,"phyllis remis Tree 3",Tree,"Yard tree planted","Shadblow Serviceberry (Amelanchier Canadensis)","2025-07-02 15:02:28",2025-04-16,,,,,,,,"Weston Nurseries",9542,1809606000,13538,,42.23413863,-71.13053959
12970,"phyllis remis Tree 4",Tree,"Yard tree planted","Wyetta American Holly (Ilex opaca 'Wyetta')","2025-07-02 15:02:28",2025-04-16,,,,,,,,"Bigelow Nurseries",8699,1809606000,13538,,42.23409521,-71.13055650
12971,"nasreen latif Tree 1",Tree,"Yard tree planted","Forest Pansy Eastern Redbud (Cercis canadensis 'Forest Pansy')","2025-07-02 15:02:28",2025-04-23,,,,,,,,"Bigelow Nurseries",8699,0000000000,13569,,42.32802395,-71.09637343
12966,"renay peters Tree 1",Tree,"Yard tree planted","Flowering Dogwood (Cornus florida)","2025-07-02 15:02:27",2025-05-15,,,,,,,,"Cavvichio Greenhouses Inc.",9595,1300191010,13512,,42.31889713,-71.07332657
12967,"phyllis remis Tree 1",Tree,"Yard tree planted","Cockspur Hawthorn (Crataegus crus-galli)","2025-07-02 15:02:27",2025-04-16,,,,,,,,"Schichtel's Nursery",12059,1809606000,13538,,42.23419708,-71.13050012
12968,"phyllis remis Tree 2",Tree,"Yard tree planted","Winter King Hawthorn (Crataegus viridis 'Winter King')","2025-07-02 15:02:27",2025-04-16,,,,,,,,"Bigelow Nurseries",8699,1809606000,13538,,42.23416034,-71.13052154
12964,"annette harding Tree 2",Tree,"Yard tree planted","Black Pearl Eastern Redbud (Cercis canadensis 'Black Pearl')","2025-07-02 15:02:26",2025-05-06,,,,,,,,"Cavvichio Greenhouses Inc.",9595,1602788000,13477,,42.28868108,-71.06262702
12965,"annette harding Tree 3",Tree,"Yard tree planted","Black Pearl Eastern Redbud (Cercis canadensis 'Black Pearl')","2025-07-02 15:02:26",2025-05-06,,,,,,,,"Cavvichio Greenhouses Inc.",9595,1602788000,13477,,42.28866075,-71.06273632
12961,"rachael mckinnon Tree 2",Tree,"Yard tree planted","Cumulus Allegheny Serviceberry (Amelanchier Laevis 'Cumulus')","2025-07-02 15:02:25",2025-04-10,,,,,,,,"Schichtel's Nursery",12059,1806988000,13483,,42.26273057,-71.11118667
12962,"gianni mazzotta Tree 1",Tree,"Yard tree planted","Cumulus Allegheny Serviceberry (Amelanchier Laevis 'Cumulus')","2025-07-02 15:02:25",2025-04-10,,,,,,,,"Schichtel's Nursery",12059,1203463000,13457,,42.31841944,-71.08825216
12963,"annette harding Tree 1",Tree,"Yard tree planted","Cornus Rutpink (Cornus x rutgersensis)","2025-07-02 15:02:25",2025-05-06,,,,,,,,"Bigelow Nurseries",8699,1602788000,13477,,42.28876293,-71.06277991
12958,"geoff carens Tree 3",Tree,"Yard tree planted","Eastern Redbud (Cercis canadensis)","2025-07-02 15:02:24",2025-04-09,,,,,,,,"Schichtel's Nursery",12059,1704707000,13481,,42.28613926,-71.06918816
12959,"geoff carens Tree 4",Tree,"Yard tree planted","Cornus Rutpink (Cornus x rutgersensis)","2025-07-02 15:02:24",2025-04-09,,,,,,,,"Bigelow Nurseries",8699,1704707000,13481,,42.28594281,-71.06912982
12960,"rachael mckinnon Tree 1",Tree,"Yard tree planted","Cornus Rutpink (Cornus x rutgersensis)","2025-07-02 15:02:24",2025-04-10,,,,,,,,"Bigelow Nurseries",8699,1806988000,13483,,42.26264285,-71.11158022
12956,"nioke wright Tree 4",Tree,"Yard tree planted","Cumulus Allegheny Serviceberry (Amelanchier Laevis 'Cumulus')","2025-07-02 15:02:23",2025-04-08,,,,,,,,"Schichtel's Nursery",12059,1809605000,13536,,42.23432000,-71.13041000
12957,"geoff carens Tree 2",Tree,"Yard tree planted","Cumulus Allegheny Serviceberry (Amelanchier Laevis 'Cumulus')","2025-07-02 15:02:23",2025-04-09,,,,,,,,"Schichtel's Nursery",12059,1704707000,13481,,42.28616505,-71.06918145
12953,"nioke wright Tree 1",Tree,"Yard tree planted","Cornus Rutpink (Cornus x rutgersensis)","2025-07-02 15:02:22",2025-04-08,,,,,,,,"Bigelow Nurseries",8699,1809605000,13536,,42.23420000,-71.13008000
12954,"nioke wright Tree 2",Tree,"Yard tree planted","Moonglow Magnolia (Magnolia Virginiana)","2025-07-02 15:02:22",2025-04-08,,,,,,,,"Weston Nurseries",9542,1809605000,13536,,42.23423000,-71.13006000
12955,"nioke wright Tree 3",Tree,"Yard tree planted","Eastern Redbud (Cercis canadensis)","2025-07-02 15:02:22",2025-04-08,,,,,,,,"Schichtel's Nursery",12059,1809605000,13536,,42.23430000,-71.13037000
12950,"marlishia aho Tree 3",Tree,"Yard tree planted","Kousa Dogwood (Cornus kousa)","2025-07-02 15:02:21",2025-04-07,,,,,,,,"Schichtel's Nursery",12059,1202810000,13479,,42.31499000,-71.08227000
12951,"marlishia aho Tree 4",Tree,"Yard tree planted","Cornus Rutpink (Cornus x rutgersensis)","2025-07-02 15:02:21",2025-04-07,,,,,,,,"Bigelow Nurseries",8699,1202810000,13479,,42.31493000,-71.08233000
12952,"marlishia aho Tree 5",Tree,"Yard tree planted","Cumulus Allegheny Serviceberry (Amelanchier Laevis 'Cumulus')","2025-07-02 15:02:21",2025-04-07,,,,,,,,"Schichtel's Nursery",12059,1202810000,13479,,42.31487000,-71.08231000
12947,"megha  vadula Tree 2",Tree,"Yard tree planted","Flowering Dogwood (Cornus florida)","2025-07-02 15:02:20",2024-10-16,,,,,,,,"Cavvichio Greenhouses Inc.",9595,,,,42.28609000,-71.06961000
12948,"marlishia aho Tree 1",Tree,"Yard tree planted","Eastern Redbud (Cercis canadensis)","2025-07-02 15:02:20",2025-04-07,,,,,,,,"Schichtel's Nursery",12059,1202810000,13479,,42.31502000,-71.08247000
12949,"marlishia aho Tree 2",Tree,"Yard tree planted","Eastern Redbud (Cercis canadensis)","2025-07-02 15:02:20",2025-04-07,,,,,,,,"Schichtel's Nursery",12059,1202810000,13479,,42.31493000,-71.08251100
12944,"gretchen kellogg Tree 1",Tree,"Yard tree planted","Eastern Redbud (Cercis canadensis)","2025-07-02 15:02:19",2024-10-07,,,,,,,,"Cavvichio Greenhouses Inc.",9595,1501452000,13513,,42.30393000,-71.06398000
12945,"gretchen kellogg Tree 2",Tree,"Yard tree planted","Shadblow Serviceberry (Amelanchier Canadensis)","2025-07-02 15:02:19",2024-10-08,,,,,,,,"Cavvichio Greenhouses Inc.",9595,1501452000,13513,,42.30394000,-71.06386000
12946,"megha  vadula Tree 1",Tree,"Yard tree planted","Paperbark Maple (Acer griseum)","2025-07-02 15:02:19",2024-10-16,,,,,,,,"Cavvichio Greenhouses Inc.",9595,,,,42.28607000,-71.06974000
12941,"shirma pierre Tree 4",Tree,"Yard tree planted","American Linden (Tilia americana)","2025-07-02 15:02:18",2024-11-05,,,,,,,,"Schichtel's Nursery",12059,1810165000,13552,,42.24429000,-71.12194000
12942,"dominic demare Tree 1",Tree,"Yard tree planted","Kousa Dogwood (Cornus kousa)","2025-07-02 15:02:18",2024-11-08,,,,,,,,"Schichtel's Nursery",12059,1812388000,13563,,42.24379000,-71.14338000
12943,"dominic demare Tree 2",Tree,"Yard tree planted","Shadblow Serviceberry (Amelanchier Canadensis)","2025-07-02 15:02:18",2024-11-08,,,,,,,,"Cavvichio Greenhouses Inc.",9595,1812388000,13563,,42.24384000,-71.14315000
12938,"shirma pierre Tree 1",Tree,"Yard tree planted","Red Maple (Acer rubrum)","2025-07-02 15:02:17",2024-11-05,,,,,,,,"Schichtel's Nursery",12059,1810165000,13552,,42.24449000,-71.12162000
12939,"shirma pierre Tree 2",Tree,"Yard tree planted","Honey Locust (Gleditsia triacanthos)","2025-07-02 15:02:17",2024-11-05,,,,,,,,"Schichtel's Nursery",12059,1810165000,13552,,42.24457000,-71.12161000
12940,"shirma pierre Tree 3",Tree,"Yard tree planted","Honey Locust (Gleditsia triacanthos)","2025-07-02 15:02:17",2024-11-05,,,,,,,,"Schichtel's Nursery",12059,1810165000,13552,,42.24459000,-71.12179000
12937,"daniel brook Tree 2",Tree,"Yard tree planted","Moonglow Magnolia (Magnolia Virginiana)","2025-07-02 15:02:16",2024-11-05,,,,,,,,"Schichtel's Nursery",12059,0000000000,13569,,42.29061000,-71.07755000
12936,"daniel brook Tree 1",Tree,"Yard tree planted","Kousa Dogwood (Cornus kousa)","2025-07-02 15:02:15",2024-11-05,,,,,,,,"Schichtel's Nursery",12059,0000000000,13569,,42.29059000,-71.07763000
12933,"geoff carens Tree 1",Tree,"Yard tree planted","Moonglow Magnolia (Magnolia Virginiana)","2025-07-02 15:02:14",2024-10-30,,,,,,,,"Schichtel's Nursery",12059,1704707000,13481,,42.28614000,-71.06912000
12934,"alejandro flores Tree 1",Tree,"Yard tree planted","Moonglow Magnolia (Magnolia Virginiana)","2025-07-02 15:02:14",2024-11-04,,,,,,,,"Schichtel's Nursery",12059,1808468000,13535,,42.26646000,-71.12640000
12935,"alejandro flores Tree 2",Tree,"Yard tree planted","Flowering Dogwood (Cornus florida)","2025-07-02 15:02:14",2024-11-04,,,,,,,,,,1808468000,13535,,42.26630000,-71.12649000
12928,"mike  traint Tree 1",Tree,"Yard tree planted","Moonglow Magnolia (Magnolia Virginiana)","2025-07-02 15:02:13",2024-10-01,,,,,,,,"Weston Nurseries",9542,,,,42.38329000,-71.01528000
12929,"mike  traint Tree 2",Tree,"Yard tree planted","Moonglow Magnolia (Magnolia Virginiana)","2025-07-02 15:02:13",2024-10-01,,,,,,,,"Weston Nurseries",9542,,,,42.38333000,-71.01518000
12930,"mike  traint Tree 3",Tree,"Yard tree planted","Moonglow Magnolia (Magnolia Virginiana)","2025-07-02 15:02:13",2024-10-01,,,,,,,,"Weston Nurseries",9542,,,,42.38338000,-71.01505000
12931,"alyssa tilhou Tree 1",Tree,"Yard tree planted","Shadblow Serviceberry (Amelanchier Canadensis)","2025-07-02 15:02:13",2024-10-16,,,,,,,,"Cavvichio Greenhouses Inc.",9595,1101424000,13561,,42.31611000,-71.10120000
12932,"karen crounse Tree 1",Tree,"Yard tree planted","Moonglow Magnolia (Magnolia Virginiana)","2025-07-02 15:02:13",2024-10-31,,,,,,,,"Schichtel's Nursery",12059,1703908000,13522,,42.27352000,-71.07695000
12925,"laura driscoll Tree 1",Tree,"Yard tree planted","Kousa Dogwood (Cornus kousa)","2025-07-02 15:02:12",2024-10-02,,,,,,,,"Cavvichio Greenhouses Inc.",9595,1809860000,13467,,42.24036000,-71.12495000
12926,"laura driscoll Tree 2",Tree,"Yard tree planted","Sweetgum (Liquidambar styraciflua)","2025-07-02 15:02:12",2024-10-02,,,,,,,,"Cavvichio Greenhouses Inc.",9595,1809860000,13467,,42.24052000,-71.12497000
12927,"laura driscoll Tree 3",Tree,"Yard tree planted","Black Tupelo (Nyssa sylvatica)","2025-07-02 15:02:12",2024-10-02,,,,,,,,"Cavvichio Greenhouses Inc.",9595,1809860000,13467,,42.24045000,-71.12497000
12922,"farita mcpherson Tree 1",Tree,"Yard tree planted","Red Maple (Acer rubrum)","2025-07-02 15:02:11",2024-10-08,,,,,,,,"Weston Nurseries",9542,1800689000,13493,,42.27695000,-71.08821000
12923,"farita mcpherson Tree 2",Tree,"Yard tree planted","Flowering Dogwood (Cornus florida)","2025-07-02 15:02:11",2024-10-08,,,,,,,,"Weston Nurseries",9542,1800689000,13493,,42.27708000,-71.08849000
12924,"robert losi Tree 1",Tree,"Yard tree planted","Eastern Redbud (Cercis canadensis)","2025-07-02 15:02:11",2024-09-24,,,,,,,,"Cavvichio Greenhouses Inc.",9595,1810916003,13555,,42.25349000,-71.11434000
12917,"catherine infantino Tree 2",Tree,"Yard tree planted","Eastern Redbud (Cercis canadensis)","2025-07-02 15:02:10",2024-10-03,,,,,,,,"Cavvichio Greenhouses Inc.",9595,0000000000,13569,,42.27188000,-71.06819000
12918,"alisa pimentel Tree 1",Tree,"Yard tree planted","Kousa Dogwood (Cornus kousa)","2025-07-02 15:02:10",2024-10-08,,,,,,,,"Weston Nurseries",9542,1200105000,13567,,42.32614000,-71.08260000
12919,"candice williamson Tree 1",Tree,"Yard tree planted","Moonglow Magnolia (Magnolia Virginiana)","2025-07-02 15:02:10",2024-10-01,,,,,,,,"Weston Nurseries",9542,1802123000,13461,,42.27096000,-71.10470000
12920,"jennifer  emmaline Tree 1",Tree,"Yard tree planted","Shadblow Serviceberry (Amelanchier Canadensis)","2025-07-02 15:02:10",2024-09-24,,,,,,,,"Weston Nurseries",9542,,,,42.32560000,-71.08106000
12921,"jennifer  emmaline Tree 2",Tree,"Yard tree planted","Ginkgo (Ginkgo biloba)","2025-07-02 15:02:10",2024-09-24,,,,,,,,"Weston Nurseries",9542,,,,42.32571000,-71.08123000
12913,"preditta cedeno Tree 3",Tree,"Yard tree planted","Honey Locust (Gleditsia triacanthos)","2025-07-02 15:02:09",2024-05-23,,,,,,,,"Weston Nurseries",9542,1809846000,13540,,42.23742000,-71.12868000
12914,"indy robinson Tree 1",Tree,"Yard tree planted","Flowering Dogwood (Cornus florida)","2025-07-02 15:02:09",2024-05-29,,,,,,,,"Weston Nurseries",9542,,,,42.29203000,-71.07497000
12915,"cherill roberts Tree 1",Tree,"Yard tree planted","Flowering Dogwood (Cornus florida)","2025-07-02 15:02:09",2024-10-04,,,,,,,,"Weston Nurseries",9542,1801196000,13553,,42.26510000,-71.09762000
12916,"catherine infantino Tree 1",Tree,"Yard tree planted","Kousa Dogwood (Cornus kousa)","2025-07-02 15:02:09",2024-10-03,,,,,,,,"Cavvichio Greenhouses Inc.",9595,0000000000,13569,,42.27176000,-71.06823000
12908,"jo-ann bergantino Tree 1",Tree,"Yard tree planted","Flowering Dogwood (Cornus florida)","2025-07-02 15:02:08",2024-05-22,,,,,,,,"Weston Nurseries",9542,,,,42.23401000,-71.12998200
12909,"jo-ann bergantino Tree 2",Tree,"Yard tree planted","Tulip Poplar (Liriodendron tulipifera)","2025-07-02 15:02:08",2024-05-22,,,,,,,,"Weston Nurseries",9542,,,,42.23390000,-71.12968000
12910,"jo-ann bergantino Tree 3",Tree,"Yard tree planted","Moonglow Magnolia (Magnolia Virginiana)","2025-07-02 15:02:08",2024-05-22,,,,,,,,"Weston Nurseries",9542,,,,42.23403000,-71.12978000
12911,"preditta cedeno Tree 1",Tree,"Yard tree planted","Tulip Poplar (Liriodendron tulipifera)","2025-07-02 15:02:08",2024-05-23,,,,,,,,"Weston Nurseries",9542,1809846000,13540,,42.23738000,-71.12886000
12912,"preditta cedeno Tree 2",Tree,"Yard tree planted","Moonglow Magnolia (Magnolia Virginiana)","2025-07-02 15:02:08",2024-05-23,,,,,,,,"Weston Nurseries",9542,1809846000,13540,,42.23723000,-71.12881000
12904,"nancy norman Tree 2",Tree,"Yard tree planted","Eastern Redbud (Cercis canadensis)","2025-07-02 15:02:07",2023-05-01,,,,,,,,,,,,,42.28744380,-71.06578420
12905,"ivy james Tree 1",Tree,"Yard tree planted",,"2025-07-02 15:02:07",,,,,,,,,,,,,,,
12906,"sano lagranda Tree 2",Tree,"Yard tree planted","Eastern Redbud (Cercis canadensis)","2025-07-02 15:02:07",2023-05-01,,,,,,,,,,,,,42.32079417,-71.10266081
12907,"farida davis Tree 1",Tree,"Yard tree planted","Flowering Dogwood (Cornus florida)","2025-07-02 15:02:07",2024-05-31,,,,,,,,"Weston Nurseries",9542,1302318000,13514,,42.30937000,-71.04580000
12900,"kathleen mcmanus Tree 2",Tree,"Yard tree planted","Robin Hill Serviceberry (Amelanchier × grandiflora 'Robin Hill')","2025-07-02 15:02:06",2023-05-01,,,,,,,,"Schichtel's Nursery",12059,,,,,
12901,"lauren wojkan Tree 1",Tree,"Yard tree planted","Robin Hill Serviceberry (Amelanchier × grandiflora 'Robin Hill')","2025-07-02 15:02:06",2023-05-01,,,,,,,,"Schichtel's Nursery",12059,,,,42.29422101,-71.07340688
12902,"sydney rajchel Tree 3",Tree,"Yard tree planted","Robin Hill Serviceberry (Amelanchier × grandiflora 'Robin Hill')","2025-07-02 15:02:06",2023-05-01,,,,,,,,"Schichtel's Nursery",12059,,,,42.32328203,-71.09451689
12903,"sano lagranda Tree 1",Tree,"Yard tree planted","Robin Hill Serviceberry (Amelanchier × grandiflora 'Robin Hill')","2025-07-02 15:02:06",2023-05-01,,,,,,,,"Schichtel's Nursery",12059,,,,42.32079879,-71.10285619
12896,"natalia bogdonavic Tree 1",Tree,"Yard tree planted","Winter King Hawthorn (Crataegus viridis 'Winter King')","2025-07-02 15:02:05",2023-05-01,,,,,,,,"Schichtel's Nursery",12059,,,,42.32743410,-71.09211292
12897,"diane bell Tree 1",Tree,"Yard tree planted","Winter King Hawthorn (Crataegus viridis 'Winter King')","2025-07-02 15:02:05",2023-05-01,,,,,,,,"Schichtel's Nursery",12059,,,,,
12898,"susan racine bethel ame Tree 1",Tree,"Yard tree planted","Robin Hill Serviceberry (Amelanchier × grandiflora 'Robin Hill')","2025-07-02 15:02:05",2024-11-07,,,,,,,,"Cavvichio Greenhouses Inc.",9595,,,,42.29448195,-71.11498694
12899,"kathleen mcmanus Tree 1",Tree,"Yard tree planted","Robin Hill Serviceberry (Amelanchier × grandiflora 'Robin Hill')","2025-07-02 15:02:05",2023-05-01,,,,,,,,"Schichtel's Nursery",12059,,,,42.27481882,-71.06320675
12893,"fabienne eliacin Tree 1",Tree,"Yard tree planted","Winter King Hawthorn (Crataegus viridis 'Winter King')","2025-07-02 15:02:04",2023-05-01,,,,,,,,"Schichtel's Nursery",12059,,,,42.31883000,-71.07317000
12894,"amanda barros Tree 2",Tree,"Yard tree planted","Winter King Hawthorn (Crataegus viridis 'Winter King')","2025-07-02 15:02:04",2023-05-01,,,,,,,,"Schichtel's Nursery",12059,,,,,
12895,"paulette wood Tree 1",Tree,"Yard tree planted","Winter King Hawthorn (Crataegus viridis 'Winter King')","2025-07-02 15:02:04",2023-05-01,,,,,,,,"Schichtel's Nursery",12059,,,,42.29925120,-71.06751139
12889,"sydney rajchel Tree 1",Tree,"Yard tree planted","Northern Catalpa (Catalpa speciosa)","2025-07-02 15:02:03",2023-05-01,,,,,,,,"Schichtel's Nursery",12059,,,,42.32358644,-71.09461345
12890,"sydney rajchel Tree 2",Tree,"Yard tree planted","Northern Catalpa (Catalpa speciosa)","2025-07-02 15:02:03",2023-05-01,,,,,,,,"Schichtel's Nursery",12059,,,,42.32330000,-71.09453000
12891,"susan racine/bethel ame Tree 1",Tree,"Yard tree planted","Swamp White Oak (Quercus Bicolor)","2025-07-02 15:02:03",2023-05-01,,,,,,,,"Schichtel's Nursery",12059,,,,42.29436737,-71.11480857
12892,"nancy norman Tree 1",Tree,"Yard tree planted","Red Maple (Acer rubrum)","2025-07-02 15:02:03",2023-05-01,,,,,,,,"Schichtel's Nursery",12059,,,,42.28743000,-71.06635000
12887,"anne griepenburg Tree 1",Tree,"Yard tree planted","Northern Catalpa (Catalpa speciosa)","2025-07-02 15:02:02",2023-05-01,,,,,,,,"Schichtel's Nursery",12059,,,,,
12888,"amanda barros Tree 1",Tree,"Yard tree planted","Northern Catalpa (Catalpa speciosa)","2025-07-02 15:02:02",2023-05-01,,,,,,,,"Schichtel's Nursery",12059,,,,42.32171000,-71.07397000
10294,"D2863147356 Davis",Tree,"Yard tree planted","Flowering Dogwood (Cornus florida)","2025-03-03 15:44:34",2024-05-31,,,,,,,,"Weston Nurseries",9542,,,,42.30937000,-71.04580000
